cas,D,P,H,RER,smiles,source
1002-16-0,15.98,7.49,5.53,,,doss_bootstrap
10031-82-0,18.62,9.27,6.71,,,doss_bootstrap
10031-87-5,15.76,3.84,4.94,,,doss_bootstrap
1003-38-9,15.97,3.8,4.15,,,doss_bootstrap
100-49-2,17.19,4.78,10.69,,,doss_bootstrap
100-50-5,17.48,7.34,5.69,,,doss_bootstrap
100-55-0,19.43,9.57,14.01,,,doss_bootstrap
100-66-3,17.8,4.4,6.9,,,doss_bootstrap
100-68-5,19.6,4.8,4.7,,,doss_bootstrap
100-71-0,17.91,5.75,4.98,,,doss_bootstrap
100-79-8,16.8,7.48,10.95,,,doss_bootstrap
1008-89-5,19.62,4.79,4.38,,,doss_bootstrap
101-41-7,17.92,4.31,6.02,,,doss_bootstrap
102-13-6,17.08,3.16,4.43,,,doss_bootstrap
1025-15-6,18.04,7.59,7.02,,,doss_bootstrap
102-52-3,15.0,7.1,6.8,,,doss_bootstrap
10258-54-5,16.87,11.13,9.08,,,doss_bootstrap
102-76-1,16.5,4.5,9.1,,,doss_bootstrap
102-86-3,15.79,1.82,1.92,,,doss_bootstrap
103-36-6,18.4,8.2,4.1,,,doss_bootstrap
103-45-7,17.71,4.07,5.55,,,doss_bootstrap
103-54-8,18.0,3.76,5.47,,,doss_bootstrap
103694-68-4,17.36,3.45,7.5,,,doss_bootstrap
103-73-1,18.4,4.5,4.0,,,doss_bootstrap
103-74-2,18.95,8.78,12.66,,,doss_bootstrap
103-75-3,16.58,5.14,5.21,,,doss_bootstrap
104-50-7,16.49,12.25,5.07,,,doss_bootstrap
104-61-0,16.46,11.03,4.86,,,doss_bootstrap
104-67-6,16.36,9.19,4.22,,,doss_bootstrap
104-87-0,18.94,8.22,5.88,,,doss_bootstrap
10496-15-8,16.52,3.67,2.48,,,doss_bootstrap
105-30-6,15.8,4.9,13.5,,,doss_bootstrap
105-34-0,16.9,14.9,9.9,,,doss_bootstrap
105-38-4,15.6,8.0,4.7,,,doss_bootstrap
105-45-3,16.4,8.6,8.9,,,doss_bootstrap
105-53-3,16.1,7.7,8.3,,,doss_bootstrap
105-54-4,15.5,5.6,5.0,,,doss_bootstrap
105-56-6,16.7,7.9,8.3,,,doss_bootstrap
105-58-8,15.1,6.3,3.5,,,doss_bootstrap
105-59-9,16.84,8.34,17.59,,,doss_bootstrap
105-68-0,15.7,5.2,5.6,,,doss_bootstrap
105-86-2,16.72,4.03,4.9,,,doss_bootstrap
10599-70-9,17.53,7.36,4.67,,,doss_bootstrap
106-18-3,16.05,2.58,3.16,,,doss_bootstrap
106-21-8,15.86,3.63,7.85,,,doss_bootstrap
106-27-4,15.66,3.32,4.25,,,doss_bootstrap
106-35-4,16.2,5.0,4.1,,,doss_bootstrap
106-36-5,15.5,5.6,5.7,,,doss_bootstrap
106-52-5,17.49,6.11,12.1,,,doss_bootstrap
1066-40-6,14.1,2.22,14.01,,,doss_bootstrap
106-65-0,16.1,7.7,8.8,,,doss_bootstrap
106-68-3,16.2,4.5,4.1,,,doss_bootstrap
106-69-4,17.32,9.25,20.64,,,doss_bootstrap
106-70-7,15.98,4.33,5.84,,,doss_bootstrap
1067-25-0,13.72,3.12,3.14,,,doss_bootstrap
106-73-0,16.02,4.06,5.36,,,doss_bootstrap
1067-74-9,17.0,13.36,9.02,,,doss_bootstrap
106-79-6,16.6,2.9,6.7,,,doss_bootstrap
1069-23-4,16.79,7.13,17.15,,,doss_bootstrap
1072-14-6,15.52,1.56,0.66,,,doss_bootstrap
107-29-9,16.3,4.0,20.2,,,doss_bootstrap
107-41-5,16.7,6.94,14.8,,,doss_bootstrap
107-54-0,16.18,3.89,7.85,,,doss_bootstrap
1076-56-8,17.47,3.65,3.73,,,doss_bootstrap
107-70-0,15.3,6.0,5.9,,,doss_bootstrap
108-03-2,16.6,12.3,5.5,,,doss_bootstrap
108-11-2,15.4,3.3,12.3,,,doss_bootstrap
108-32-7,20.0,18.0,4.1,,,doss_bootstrap
108-47-4,17.97,5.48,4.72,,,doss_bootstrap
108-48-5,17.97,5.48,4.72,,,doss_bootstrap
108-64-5,15.52,4.1,4.97,,,doss_bootstrap
108-84-9,15.2,3.1,6.8,,,doss_bootstrap
109-06-8,18.37,6.36,5.65,,,doss_bootstrap
109-08-0,18.3,12.3,10.5,,,doss_bootstrap
109-21-7,15.6,2.9,5.6,,,doss_bootstrap
109-49-9,16.17,6.42,4.7,,,doss_bootstrap
109-53-5,15.1,4.1,5.1,,,doss_bootstrap
109-80-8,17.87,8.08,7.91,,,doss_bootstrap
110-12-3,16.0,5.7,4.1,,,doss_bootstrap
110-27-0,15.91,2.12,2.76,,,doss_bootstrap
110-36-1,16.07,2.13,2.89,,,doss_bootstrap
110-39-4,15.98,2.82,3.73,,,doss_bootstrap
110-42-9,16.06,3.19,4.3,,,doss_bootstrap
110-43-0,16.2,5.7,4.1,,,doss_bootstrap
110-59-8,15.3,11.0,4.8,,,doss_bootstrap
110-63-4,16.6,11.0,20.9,,,doss_bootstrap
110-67-8,16.6,14.4,7.8,,,doss_bootstrap
110-81-6,17.0,6.7,5.7,,,doss_bootstrap
110-93-0,16.56,5.41,4.09,,,doss_bootstrap
111-11-5,16.02,3.96,4.95,,,doss_bootstrap
111-13-7,16.07,5.22,3.79,,,doss_bootstrap
1112-39-6,13.93,3.46,3.5,,,doss_bootstrap
111-27-3,15.9,5.8,12.5,,,doss_bootstrap
111-32-0,16.22,7.13,11.61,,,doss_bootstrap
111439-76-0,13.47,1.8,1.27,,,doss_bootstrap
111-47-7,16.52,2.7,2.92,,,doss_bootstrap
111-48-8,17.3,8.8,19.8,,,doss_bootstrap
1115-08-8,15.16,2.09,3.11,,,doss_bootstrap
111-55-7,16.2,4.7,9.8,,,doss_bootstrap
1116-76-3,15.82,1.2,1.46,,,doss_bootstrap
111-70-6,16.0,5.3,11.7,,,doss_bootstrap
111-71-7,16.01,6.5,4.82,,,doss_bootstrap
1118-84-9,15.9,6.9,8.6,,,doss_bootstrap
1119-40-0,16.1,7.7,8.3,,,doss_bootstrap
111-97-7,17.94,15.79,7.39,,,doss_bootstrap
1120-06-5,15.8,3.9,10.0,,,doss_bootstrap
1120-24-7,15.65,2.19,2.61,,,doss_bootstrap
1120-25-8,16.28,2.67,3.43,,,doss_bootstrap
1120-34-9,16.14,1.98,2.6,,,doss_bootstrap
112-06-1,15.8,2.9,5.5,,,doss_bootstrap
112-15-2,16.2,5.1,9.2,,,doss_bootstrap
1122-54-9,19.17,10.12,6.26,,,doss_bootstrap
1122-62-9,19.17,10.12,6.26,,,doss_bootstrap
112-42-5,16.08,3.94,9.88,,,doss_bootstrap
112-44-7,16.09,5.02,3.52,,,doss_bootstrap
1126-00-7,19.55,6.52,5.0,,,doss_bootstrap
112-62-9,16.2,3.8,4.5,,,doss_bootstrap
112-63-0,16.5,2.44,3.47,,,doss_bootstrap
112-73-2,15.8,4.7,4.4,,,doss_bootstrap
115-80-0,15.35,4.26,3.26,,,doss_bootstrap
116-09-6,17.4,12.82,16.47,,,doss_bootstrap
116-11-0,14.8,4.2,5.6,,,doss_bootstrap
118-60-5,17.15,5.47,5.78,,,doss_bootstrap
118-61-6,18.2,8.1,9.3,,,doss_bootstrap
118-93-4,19.16,8.89,10.14,,,doss_bootstrap
1191-08-8,17.73,6.89,6.98,,,doss_bootstrap
1191-41-9,16.56,2.51,3.31,,,doss_bootstrap
119-36-8,18.1,8.0,13.9,,,doss_bootstrap
1193-79-9,17.88,8.26,5.44,,,doss_bootstrap
1196-58-3,16.89,1.57,2.31,,,doss_bootstrap
1198-37-4,19.0,4.3,4.61,,,doss_bootstrap
1201-38-3,18.95,8.71,3.79,,,doss_bootstrap
120-43-4,18.45,12.25,6.9,,,doss_bootstrap
120-45-6,17.32,3.36,4.79,,,doss_bootstrap
120-92-3,17.9,11.9,5.2,,,doss_bootstrap
120962-03-0,16.64,1.71,4.13,,,doss_bootstrap
122-00-9,18.81,6.88,4.39,,,doss_bootstrap
122-31-6,15.55,5.37,3.95,,,doss_bootstrap
122-32-7,16.0,3.8,3.2,,,doss_bootstrap
122-51-0,15.36,5.67,4.37,,,doss_bootstrap
122-62-3,16.2,5.0,9.0,,,doss_bootstrap
122-78-1,18.47,7.17,5.55,,,doss_bootstrap
122-79-2,19.8,5.2,6.4,,,doss_bootstrap
122-97-4,18.17,5.13,10.52,,,doss_bootstrap
123-15-9,15.76,6.16,4.57,,,doss_bootstrap
123-19-3,15.8,7.6,4.9,,,doss_bootstrap
123-32-0,18.06,8.11,5.47,,,doss_bootstrap
123-34-2,16.99,8.3,15.8,,,doss_bootstrap
123-66-0,15.5,3.2,5.9,,,doss_bootstrap
123-68-2,16.09,3.64,5.01,,,doss_bootstrap
123-95-5,14.5,3.7,3.5,,,doss_bootstrap
124-13-0,16.02,6.3,4.4,,,doss_bootstrap
124-19-6,16.05,5.48,3.88,,,doss_bootstrap
125-12-2,16.96,2.76,2.98,,,doss_bootstrap
13019-20-0,15.76,4.73,3.06,,,doss_bootstrap
13021-53-9,15.6,6.2,13.7,,,doss_bootstrap
13254-34-7,15.7,3.37,6.44,,,doss_bootstrap
133-08-4,16.14,4.27,5.67,,,doss_bootstrap
133-21-1,17.52,4.36,9.14,,,doss_bootstrap
13327-56-5,17.11,5.78,6.45,,,doss_bootstrap
13341-72-5,17.22,5.28,5.39,,,doss_bootstrap
13360-61-7,15.9,1.14,1.75,,,doss_bootstrap
13361-30-3,16.3,10.33,7.25,,,doss_bootstrap
13361-32-5,16.82,10.7,7.9,,,doss_bootstrap
13368-65-5,17.53,7.7,3.93,,,doss_bootstrap
1338-43-8,16.63,5.59,7.51,,,doss_bootstrap
134-09-8,17.9,5.01,4.08,,,doss_bootstrap
134-20-3,19.07,8.53,9.18,,,doss_bootstrap
13532-18-8,17.4,6.28,7.06,,,doss_bootstrap
13616-82-5,19.45,3.08,4.54,,,doss_bootstrap
13623-11-5,17.76,5.2,5.62,,,doss_bootstrap
13679-70-4,18.9,12.52,8.13,,,doss_bootstrap
13708-12-8,19.58,7.01,5.7,,,doss_bootstrap
138-22-7,15.8,6.5,10.2,,,doss_bootstrap
13925-00-3,18.0,8.5,5.7,,,doss_bootstrap
140-26-1,16.99,3.05,4.16,,,doss_bootstrap
140-39-6,18.33,4.81,6.06,,,doss_bootstrap
141-17-3,16.08,4.27,5.27,,,doss_bootstrap
141942-85-0,17.05,11.44,12.29,,,doss_bootstrap
141-97-9,16.5,7.3,8.3,,,doss_bootstrap
142-26-7,18.42,16.61,17.66,,,doss_bootstrap
142-77-8,16.3,3.7,4.2,,,doss_bootstrap
142-91-6,16.2,3.9,3.7,,,doss_bootstrap
142-92-7,15.8,2.9,5.9,,,doss_bootstrap
142-96-1,15.2,3.4,3.2,,,doss_bootstrap
14309-57-0,16.56,4.86,3.95,,,doss_bootstrap
14347-78-5,16.8,7.48,10.95,,,doss_bootstrap
1438-94-4,18.85,6.0,5.84,,,doss_bootstrap
1445-73-4,18.12,8.67,6.69,,,doss_bootstrap
14465-68-0,16.1,1.93,5.38,,,doss_bootstrap
1459-10-5,16.61,1.11,1.86,,,doss_bootstrap
14630-40-1,13.44,2.1,1.48,,,doss_bootstrap
14667-55-1,17.72,7.09,4.58,,,doss_bootstrap
1484-80-6,16.56,3.5,4.37,,,doss_bootstrap
14898-79-4,15.65,5.76,12.29,,,doss_bootstrap
1501-82-2,16.99,1.39,3.05,,,doss_bootstrap
1504-55-8,18.43,4.36,10.08,,,doss_bootstrap
150-86-7,16.14,2.49,5.03,,,doss_bootstrap
1551-27-5,17.79,2.74,5.01,,,doss_bootstrap
1565-81-7,15.98,3.93,7.55,,,doss_bootstrap
15679-12-6,17.73,5.45,5.82,,,doss_bootstrap
15679-13-7,17.33,4.68,4.87,,,doss_bootstrap
1569-01-3,15.8,7.0,9.2,,,doss_bootstrap
1569-60-4,16.57,4.38,9.19,,,doss_bootstrap
1569-69-3,17.51,3.84,4.52,,,doss_bootstrap
15707-23-0,17.64,7.43,4.82,,,doss_bootstrap
1576-95-0,16.61,6.17,12.31,,,doss_bootstrap
1589-49-7,16.23,8.36,13.0,,,doss_bootstrap
1613-51-0,18.5,6.3,8.9,,,doss_bootstrap
16325-63-6,15.4,3.55,8.55,,,doss_bootstrap
1640-39-7,17.71,4.83,1.51,,,doss_bootstrap
1640-89-7,16.07,0.1,0.1,,,doss_bootstrap
16415-12-6,13.88,1.66,1.35,,,doss_bootstrap
16493-80-4,16.17,4.05,8.54,,,doss_bootstrap
1656-48-0,16.81,16.69,7.63,,,doss_bootstrap
16747-26-5,14.71,0.1,0.1,,,doss_bootstrap
1678-93-9,16.2,0.0,0.6,,,doss_bootstrap
1694-31-1,15.94,6.23,5.38,,,doss_bootstrap
172888-77-6,15.2,5.0,3.8,,,doss_bootstrap
17301-94-9,15.5,0.1,0.1,,,doss_bootstrap
1732-10-1,16.34,4.71,5.91,,,doss_bootstrap
1738-25-6,15.85,9.27,5.84,,,doss_bootstrap
1738-36-9,16.08,14.11,7.76,,,doss_bootstrap
17392-83-5,17.07,8.59,14.64,,,doss_bootstrap
1746-13-0,17.84,4.2,4.93,,,doss_bootstrap
1759-28-0,18.01,5.48,6.02,,,doss_bootstrap
17832-28-9,16.3,6.54,10.41,,,doss_bootstrap
17865-32-6,15.1,2.05,1.79,,,doss_bootstrap
1795-16-0,16.17,0.1,0.1,,,doss_bootstrap
1797-74-6,17.61,3.67,5.23,,,doss_bootstrap
17980-47-1,13.54,2.44,1.72,,,doss_bootstrap
18085-02-4,16.54,4.9,6.96,,,doss_bootstrap
18138-04-0,17.11,6.17,3.61,,,doss_bootstrap
18230-61-0,13.41,1.96,1.36,,,doss_bootstrap
1825-61-2,13.59,2.77,2.91,,,doss_bootstrap
18368-91-7,17.0,3.41,5.13,,,doss_bootstrap
18395-30-7,13.47,2.71,2.62,,,doss_bootstrap
18479-58-8,16.0,3.44,6.4,,,doss_bootstrap
18640-74-9,17.38,4.83,5.24,,,doss_bootstrap
1866-31-5,17.88,3.42,5.0,,,doss_bootstrap
18720-65-5,15.77,3.66,8.04,,,doss_bootstrap
1878-18-8,16.11,3.84,3.99,,,doss_bootstrap
18800-53-8,19.45,3.08,4.54,,,doss_bootstrap
1885-38-7,18.65,8.12,5.29,,,doss_bootstrap
1888-91-1,18.9,8.7,4.8,,,doss_bootstrap
1921-70-6,15.63,0.61,1.08,,,doss_bootstrap
19550-03-9,15.76,3.33,7.0,,,doss_bootstrap
19550-08-4,15.89,2.62,6.62,,,doss_bootstrap
1975-78-6,16.04,5.92,3.55,,,doss_bootstrap
19788-49-9,16.89,6.82,8.01,,,doss_bootstrap
19819-98-8,18.5,5.32,10.28,,,doss_bootstrap
19847-12-2,19.63,16.59,6.48,,,doss_bootstrap
20125-84-2,16.6,4.6,10.8,,,doss_bootstrap
2021-28-5,17.41,3.84,5.08,,,doss_bootstrap
2031-67-6,13.77,3.22,2.73,,,doss_bootstrap
2032-34-0,15.87,9.69,5.52,,,doss_bootstrap
2044-64-6,17.75,12.89,9.73,,,doss_bootstrap
2050-01-3,15.49,3.21,3.94,,,doss_bootstrap
2051-31-2,16.03,3.49,7.49,,,doss_bootstrap
2051-78-7,15.99,4.21,5.4,,,doss_bootstrap
2052-14-4,17.9,4.8,11.7,,,doss_bootstrap
20662-84-4,16.82,6.3,4.74,,,doss_bootstrap
20665-85-4,18.08,7.88,6.55,,,doss_bootstrap
2084-18-6,15.92,3.83,3.74,,,doss_bootstrap
21020-27-9,15.43,3.67,2.85,,,doss_bootstrap
2146-71-6,16.05,2.84,3.48,,,doss_bootstrap
2163-42-0,17.17,9.59,21.23,,,doss_bootstrap
2182-55-0,16.52,3.19,3.53,,,doss_bootstrap
21834-92-4,17.44,4.77,3.51,,,doss_bootstrap
21835-01-8,18.44,10.37,12.07,,,doss_bootstrap
2186-92-7,17.84,6.07,5.68,,,doss_bootstrap
2203-80-7,15.33,2.63,2.59,,,doss_bootstrap
2206-26-0,17.3,20.26,16.65,,,doss_bootstrap
2207-04-7,16.2,0.1,0.1,,,doss_bootstrap
2212-32-0,15.97,4.96,9.73,,,doss_bootstrap
22323-82-6,16.8,7.48,10.95,,,doss_bootstrap
2234-20-0,17.8,2.8,3.32,,,doss_bootstrap
2243-27-8,16.0,6.34,3.63,,,doss_bootstrap
2311-46-8,15.76,3.41,4.46,,,doss_bootstrap
2315-68-6,17.52,5.71,3.97,,,doss_bootstrap
2344-70-9,17.91,4.43,9.49,,,doss_bootstrap
2346-00-1,18.31,10.38,5.57,,,doss_bootstrap
2351-90-8,16.34,3.52,4.81,,,doss_bootstrap
23550-40-5,16.76,5.67,3.92,,,doss_bootstrap
2365-48-2,17.43,8.99,10.49,,,doss_bootstrap
23747-48-0,18.4,7.47,4.93,,,doss_bootstrap
23783-42-8,16.39,7.06,10.7,,,doss_bootstrap
2393-23-9,18.9,6.4,8.3,0.5,COc1ccc(CN)cc1,hspip_cli
2396-78-3,16.42,4.3,5.68,,,doss_bootstrap
2396-83-0,16.3,4.27,5.39,,,doss_bootstrap
2396-84-1,16.9,4.2,5.6,,,doss_bootstrap
2408-37-9,16.71,4.93,2.29,,,doss_bootstrap
24168-70-5,17.38,7.11,4.81,,,doss_bootstrap
2425-74-3,16.07,11.65,9.42,,,doss_bootstrap
2432-51-1,17.25,4.78,4.3,,,doss_bootstrap
24332-20-5,15.64,6.15,5.42,,,doss_bootstrap
2445-77-4,15.58,2.7,3.51,,,doss_bootstrap
2445-78-5,15.65,2.46,3.31,,,doss_bootstrap
2446-83-5,17.17,11.64,6.83,,,doss_bootstrap
24683-00-9,17.31,7.38,4.86,,,doss_bootstrap
24800-44-0,16.6,6.96,12.46,,,doss_bootstrap
24892-49-7,16.41,6.02,11.88,,,doss_bootstrap
2517-43-3,15.3,5.4,13.6,,,doss_bootstrap
2524-52-9,18.14,9.21,5.79,,,doss_bootstrap
25354-97-6,16.23,2.79,5.95,,,doss_bootstrap
25415-62-7,15.77,3.12,4.21,,,doss_bootstrap
25498-49-1,16.22,5.93,8.27,,,doss_bootstrap
2554-06-5,16.81,0.1,0.1,,,doss_bootstrap
2555-49-9,17.75,5.5,6.63,,,doss_bootstrap
2566-97-4,16.5,2.44,3.47,,,doss_bootstrap
25680-58-4,17.92,9.02,6.19,,,doss_bootstrap
2568-90-3,15.66,4.2,4.0,,,doss_bootstrap
25773-40-4,17.5,7.97,5.19,,,doss_bootstrap
2591-86-8,18.7,10.6,7.8,,,doss_bootstrap
26266-58-0,16.67,2.21,2.82,,,doss_bootstrap
26896-48-0,17.85,5.89,12.45,,,doss_bootstrap
26939-18-4,15.87,5.94,2.49,,,doss_bootstrap
27216-37-1,16.46,3.66,4.97,,,doss_bootstrap
27538-10-9,17.83,10.68,11.16,,,doss_bootstrap
27593-23-3,16.79,10.31,5.41,,,doss_bootstrap
27625-35-0,15.58,2.7,3.51,,,doss_bootstrap
27871-49-4,17.07,8.59,14.64,,,doss_bootstrap
28069-72-9,17.0,4.61,9.15,,,doss_bootstrap
2825-82-3,17.17,1.94,1.83,,,doss_bootstrap
2847-30-5,18.37,9.76,6.92,,,doss_bootstrap
287-27-4,18.8,7.8,9.4,,,doss_bootstrap
2882-20-4,19.73,9.24,5.55,,,doss_bootstrap
2916-68-9,14.39,4.56,9.34,,,doss_bootstrap
2935-44-6,16.6,7.29,16.0,,,doss_bootstrap
29387-86-8,15.99,5.68,9.85,,,doss_bootstrap
293-96-9,16.8,0.1,0.1,,,doss_bootstrap
2943-75-1,13.86,2.2,1.64,,,doss_bootstrap
2947-61-7,18.52,8.54,5.2,,,doss_bootstrap
2987-16-8,15.16,6.18,4.17,,,doss_bootstrap
29911-27-1,15.6,6.1,11.0,,,doss_bootstrap
29911-28-2,15.7,6.5,10.0,,,doss_bootstrap
2996-92-1,14.84,2.77,3.18,,,doss_bootstrap
29976-53-2,18.91,14.48,5.85,,,doss_bootstrap
300-87-8,17.14,7.3,5.63,,,doss_bootstrap
301-00-8,16.64,2.57,3.51,,,doss_bootstrap
3025-30-7,16.69,3.13,4.47,,,doss_bootstrap
3068-00-6,17.89,11.39,25.06,,,doss_bootstrap
3069-40-7,13.73,2.3,2.29,,,doss_bootstrap
3069-42-9,13.93,1.65,1.31,,,doss_bootstrap
3074-71-3,15.19,0.1,0.1,,,doss_bootstrap
3178-22-1,15.66,0.1,0.1,,,doss_bootstrap
3195-78-6,17.14,10.41,7.63,,,doss_bootstrap
3208-16-0,16.98,4.72,4.93,,,doss_bootstrap
3230-69-1,16.8,5.19,10.48,,,doss_bootstrap
3234-28-4,16.2,2.98,2.68,,,doss_bootstrap
32360-05-7,16.01,1.77,2.37,,,doss_bootstrap
32974-92-8,18.34,10.56,5.19,,,doss_bootstrap
3301-94-8,16.4,11.26,4.45,,,doss_bootstrap
33100-27-5,17.5,7.95,7.79,,,doss_bootstrap
3387-41-5,16.58,1.52,1.77,,,doss_bootstrap
3391-86-4,16.16,4.14,9.32,,,doss_bootstrap
34413-35-9,18.71,7.18,4.89,,,doss_bootstrap
3445-11-2,18.0,9.2,15.7,,,doss_bootstrap
34451-19-9,16.62,6.23,11.59,,,doss_bootstrap
3452-09-3,15.79,2.89,2.42,,,doss_bootstrap
34590-94-8,16.23,6.44,9.86,,,doss_bootstrap
350-03-8,19.17,10.12,6.26,,,doss_bootstrap
3522-94-9,14.65,0.1,0.1,,,doss_bootstrap
35836-73-8,16.94,3.56,8.45,,,doss_bootstrap
35854-86-5,16.5,4.4,8.8,,,doss_bootstrap
35884-42-5,16.0,5.98,8.15,,,doss_bootstrap
3658-80-8,19.3,7.77,5.63,,,doss_bootstrap
373-49-9,16.48,3.42,6.26,,,doss_bootstrap
3848-24-6,16.72,11.1,5.6,,,doss_bootstrap
3877-15-4,16.68,3.54,3.31,,,doss_bootstrap
39924-52-2,17.38,5.74,4.59,,,doss_bootstrap
4001-61-0,19.45,3.08,4.54,,,doss_bootstrap
40649-36-3,17.34,5.59,3.54,,,doss_bootstrap
40716-66-3,16.92,2.2,5.43,,,doss_bootstrap
4077-47-8,17.43,8.53,6.5,,,doss_bootstrap
4166-20-5,17.73,8.34,7.67,,,doss_bootstrap
4179-19-5,18.37,5.94,6.28,,,doss_bootstrap
4209-91-0,15.82,2.88,6.88,,,doss_bootstrap
4221-98-1,16.52,1.71,3.06,,,doss_bootstrap
4292-75-5,16.18,0.1,0.1,,,doss_bootstrap
4319-49-7,18.05,7.48,10.98,,,doss_bootstrap
4360-47-8,18.65,8.12,5.29,,,doss_bootstrap
4411-89-6,18.32,5.85,4.78,,,doss_bootstrap
4415-82-1,17.3,6.61,12.94,,,doss_bootstrap
4435-53-4,15.3,4.1,8.1,,,doss_bootstrap
4437-20-1,18.6,7.56,6.24,,,doss_bootstrap
4437-51-8,16.58,9.93,5.6,,,doss_bootstrap
4442-79-9,17.09,4.55,9.89,,,doss_bootstrap
4447-60-3,15.09,4.09,2.69,,,doss_bootstrap
4454-05-1,16.98,5.57,5.91,,,doss_bootstrap
4457-71-0,16.86,8.04,17.38,,,doss_bootstrap
4500-58-7,19.16,2.6,4.0,,,doss_bootstrap
459-80-3,17.15,4.35,8.8,,,doss_bootstrap
464-07-3,15.22,4.07,5.42,,,doss_bootstrap
4643-27-0,16.55,5.15,4.07,,,doss_bootstrap
470-82-6,16.7,4.6,3.4,,,doss_bootstrap
4730-22-7,15.82,3.99,8.31,,,doss_bootstrap
473-55-2,16.05,0.9,1.03,,,doss_bootstrap
4792-15-8,16.47,8.52,12.97,,,doss_bootstrap
4946-13-8,19.3,3.0,4.5,,,doss_bootstrap
496-15-1,19.6,8.14,7.63,,,doss_bootstrap
50-00-0,12.8,13.7,15.0,1736.2,C=O,hspip_cli
5008-73-1,16.3,2.58,2.56,,,doss_bootstrap
502-44-3,18.0,15.0,7.4,,,doss_bootstrap
502-56-7,16.0,7.7,4.4,,,doss_bootstrap
503-17-3,15.1,3.4,7.6,,,doss_bootstrap
5131-66-8,15.3,4.5,9.2,,,doss_bootstrap
513-42-8,16.09,6.78,12.85,,,doss_bootstrap
513-81-5,15.05,2.33,2.32,,,doss_bootstrap
515-00-4,17.02,3.68,8.97,,,doss_bootstrap
517-23-7,17.56,12.97,7.28,,,doss_bootstrap
51755-66-9,17.15,5.27,9.93,,,doss_bootstrap
51755-83-0,17.01,6.47,11.56,,,doss_bootstrap
5308-25-8,17.23,5.48,7.27,,,doss_bootstrap
532-28-5,19.09,10.9,12.67,,,doss_bootstrap
53398-85-9,16.16,2.95,3.77,,,doss_bootstrap
53399-81-8,15.92,3.71,4.92,,,doss_bootstrap
535-77-3,17.24,1.62,1.54,,,doss_bootstrap
536-75-4,17.91,5.75,4.98,,,doss_bootstrap
536-78-7,17.91,5.75,4.98,,,doss_bootstrap
53716-82-8,18.9,12.4,7.1,,,doss_bootstrap
537-40-6,16.64,1.71,4.13,,,doss_bootstrap
538-23-8,16.38,3.15,3.66,,,doss_bootstrap
539-82-2,15.83,4.32,5.56,,,doss_bootstrap
540-42-1,15.52,4.1,4.97,,,doss_bootstrap
5405-41-4,16.64,7.08,12.04,,,doss_bootstrap
5413-60-5,17.29,3.17,3.92,,,doss_bootstrap
541-85-5,15.75,4.65,2.98,,,doss_bootstrap
542-10-9,16.61,6.02,8.31,,,doss_bootstrap
542-91-6,14.35,1.73,1.12,,,doss_bootstrap
543-49-7,15.7,5.4,11.7,,,doss_bootstrap
543-82-8,15.74,2.89,4.97,,,doss_bootstrap
544-13-8,16.81,18.08,7.75,,,doss_bootstrap
5441-51-0,17.38,6.36,3.96,,,doss_bootstrap
544-35-4,16.4,2.39,3.29,,,doss_bootstrap
5452-75-5,16.71,3.5,4.7,,,doss_bootstrap
547-64-8,17.07,8.59,14.64,,,doss_bootstrap
551-08-6,18.73,5.92,3.98,,,doss_bootstrap
556-24-1,15.58,4.47,5.59,,,doss_bootstrap
556-82-1,16.66,6.07,11.76,,,doss_bootstrap
557-00-6,15.6,3.54,4.43,,,doss_bootstrap
557-40-4,15.3,4.4,5.3,,,doss_bootstrap
55934-93-5,16.01,5.27,7.21,,,doss_bootstrap
56539-66-3,16.0,6.3,12.9,,,doss_bootstrap
565-60-6,15.74,4.26,9.81,,,doss_bootstrap
565-61-7,15.66,5.4,3.69,,,doss_bootstrap
565-62-8,16.53,6.23,4.74,,,doss_bootstrap
565-67-3,15.63,4.64,9.58,,,doss_bootstrap
565-69-5,15.54,5.77,3.59,,,doss_bootstrap
56578-18-8,16.48,3.86,10.6,,,doss_bootstrap
5683-33-0,18.63,6.06,7.32,,,doss_bootstrap
57500-00-2,18.46,7.38,6.16,,,doss_bootstrap
57-55-6,16.8,10.4,21.3,,,doss_bootstrap
578-54-1,18.61,4.78,7.96,,,doss_bootstrap
579-66-8,18.06,4.35,7.04,,,doss_bootstrap
583-59-5,17.1,6.5,12.5,,,doss_bootstrap
583-60-8,17.6,7.8,4.7,,,doss_bootstrap
584-03-2,16.87,8.99,19.7,,,doss_bootstrap
58670-89-6,16.04,1.86,6.16,,,doss_bootstrap
586-98-1,19.43,9.57,14.01,,,doss_bootstrap
5878-19-3,16.18,9.07,6.55,,,doss_bootstrap
589-38-8,15.74,6.68,4.08,,,doss_bootstrap
589-55-9,15.87,4.13,8.87,,,doss_bootstrap
589-62-8,15.96,3.85,8.63,,,doss_bootstrap
589-66-2,16.18,3.76,4.93,,,doss_bootstrap
589-82-2,15.9,5.4,11.7,,,doss_bootstrap
589-91-3,17.2,6.3,12.5,,,doss_bootstrap
589-92-4,17.57,7.01,4.43,,,doss_bootstrap
589-93-5,17.97,5.48,4.72,,,doss_bootstrap
589-98-0,15.96,4.13,8.9,,,doss_bootstrap
59020-90-5,18.95,7.26,7.66,,,doss_bootstrap
590-36-3,15.71,4.31,8.57,,,doss_bootstrap
590-50-1,15.3,4.81,3.23,,,doss_bootstrap
590-66-9,15.99,0.1,0.1,,,doss_bootstrap
591-23-1,17.2,6.4,12.5,,,doss_bootstrap
591-24-2,17.7,7.7,4.7,,,doss_bootstrap
591-68-4,15.99,3.5,4.63,,,doss_bootstrap
592-45-0,15.87,2.43,4.1,,,doss_bootstrap
592-51-8,16.3,11.2,5.0,,,doss_bootstrap
592-57-4,17.1,3.5,4.9,,,doss_bootstrap
592-88-1,17.01,3.56,4.56,,,doss_bootstrap
5932-79-6,16.0,3.64,8.11,,,doss_bootstrap
594-56-9,14.46,1.16,1.29,,,doss_bootstrap
594-70-7,15.15,9.97,3.19,,,doss_bootstrap
597-52-4,14.88,1.73,10.63,,,doss_bootstrap
5978-70-1,16.08,4.21,8.96,,,doss_bootstrap
598-23-2,15.06,3.18,2.68,,,doss_bootstrap
60-01-5,16.3,2.5,7.0,,,doss_bootstrap
600-36-2,15.47,3.89,7.81,,,doss_bootstrap
60-33-3,16.7,3.14,6.05,,,doss_bootstrap
607-97-6,16.33,6.72,5.73,,,doss_bootstrap
609-08-5,16.22,5.29,6.84,,,doss_bootstrap
611-13-2,17.4,6.9,9.7,,,doss_bootstrap
611-70-1,17.77,5.47,3.27,,,doss_bootstrap
6117-80-2,18.08,10.41,21.35,,,doss_bootstrap
6117-91-5,16.82,6.97,13.97,,,doss_bootstrap
61310-53-0,16.57,11.24,6.47,,,doss_bootstrap
616-25-1,16.01,5.62,11.76,,,doss_bootstrap
6163-64-0,15.85,2.5,2.44,,,doss_bootstrap
616-42-2,17.58,9.91,5.57,,,doss_bootstrap
616-44-4,18.38,3.46,5.98,,,doss_bootstrap
6169-06-8,16.08,4.21,8.96,,,doss_bootstrap
61692-84-0,16.12,3.35,4.44,,,doss_bootstrap
617-35-6,16.7,9.1,7.9,,,doss_bootstrap
6175-49-1,16.15,4.09,2.86,,,doss_bootstrap
617-84-5,16.4,11.4,9.2,,,doss_bootstrap
61931-81-5,16.87,5.79,9.74,,,doss_bootstrap
6197-30-4,17.75,3.96,3.91,,,doss_bootstrap
620-02-0,17.96,12.51,7.22,,,doss_bootstrap
621-70-5,16.49,3.47,4.56,,,doss_bootstrap
621-76-1,15.54,4.39,3.52,,,doss_bootstrap
622-40-2,17.84,8.0,13.14,,,doss_bootstrap
622-45-7,16.95,3.92,5.38,,,doss_bootstrap
623-17-6,17.55,6.36,7.63,,,doss_bootstrap
623-37-0,15.8,4.77,9.88,,,doss_bootstrap
623-47-2,16.29,6.96,7.68,,,doss_bootstrap
623-51-8,17.1,8.1,9.3,,,doss_bootstrap
623-81-4,16.82,7.99,4.27,,,doss_bootstrap
623-91-6,16.71,5.79,7.39,,,doss_bootstrap
624-24-8,15.92,4.71,6.21,,,doss_bootstrap
624-41-9,15.75,3.83,5.21,,,doss_bootstrap
624-54-4,15.8,5.2,5.7,,,doss_bootstrap
624-89-5,17.1,4.8,2.5,,,doss_bootstrap
624-95-3,15.29,4.6,9.92,,,doss_bootstrap
625-23-0,15.83,3.98,8.4,,,doss_bootstrap
625-28-5,15.4,9.3,4.8,,,doss_bootstrap
625-80-9,16.07,2.46,2.2,,,doss_bootstrap
626-77-7,15.93,3.52,4.77,,,doss_bootstrap
626-82-4,16.02,3.31,4.47,,,doss_bootstrap
626-89-1,15.71,5.08,10.38,,,doss_bootstrap
626-93-7,15.97,4.8,10.57,,,doss_bootstrap
626-95-9,16.88,8.37,17.83,,,doss_bootstrap
627-05-4,16.01,10.85,4.55,,,doss_bootstrap
627-93-0,16.3,6.8,8.5,,,doss_bootstrap
628-05-7,16.04,9.87,4.25,,,doss_bootstrap
628-73-9,15.86,8.54,4.96,,,doss_bootstrap
628-92-2,16.79,2.18,3.44,,,doss_bootstrap
6290-17-1,16.7,5.73,5.75,,,doss_bootstrap
6290-37-5,17.15,3.11,4.55,,,doss_bootstrap
6290-49-9,16.2,7.25,8.06,,,doss_bootstrap
629-19-6,16.21,4.53,3.38,,,doss_bootstrap
629-30-1,16.71,7.79,15.88,,,doss_bootstrap
629-40-3,16.57,13.16,5.75,,,doss_bootstrap
6294-31-1,16.55,2.19,2.33,,,doss_bootstrap
629-45-8,16.42,4.12,2.61,,,doss_bootstrap
629-58-3,16.02,2.53,3.11,,,doss_bootstrap
629-65-2,16.47,2.47,2.22,,,doss_bootstrap
629-82-3,15.83,2.07,1.98,,,doss_bootstrap
630-18-2,14.82,8.94,4.21,,,doss_bootstrap
630-19-3,14.96,6.74,4.47,,,doss_bootstrap
632-16-6,18.01,3.03,5.28,,,doss_bootstrap
6342-56-9,16.27,8.53,5.93,,,doss_bootstrap
63721-05-1,15.6,3.29,4.31,,,doss_bootstrap
638-02-8,18.01,3.03,5.28,,,doss_bootstrap
638-04-0,16.0,0.1,0.1,,,doss_bootstrap
638-11-9,15.58,3.93,4.77,,,doss_bootstrap
638-49-3,15.87,5.67,6.61,,,doss_bootstrap
6425-39-4,17.99,6.38,7.57,,,doss_bootstrap
644-35-9,17.76,4.2,8.07,,,doss_bootstrap
6443-69-2,18.35,5.65,6.59,,,doss_bootstrap
6443-92-1,15.79,1.85,2.84,,,doss_bootstrap
645-49-8,18.89,1.89,3.7,,,doss_bootstrap
656-53-1,17.95,6.47,7.59,,,doss_bootstrap
66-25-1,15.8,8.4,5.3,,,doss_bootstrap
66576-71-4,15.48,3.16,3.99,,,doss_bootstrap
66793-96-2,15.42,2.29,8.91,,,doss_bootstrap
6728-26-3,16.5,7.01,5.32,,,doss_bootstrap
67-56-1,16.0,11.0,19.6,271.3,CO,hspip_cli
67-64-1,16.1,9.6,5.7,815.6,CC(C)=O,hspip_cli
6765-39-5,15.9,1.32,1.65,,,doss_bootstrap
67-68-5,18.4,16.4,10.2,,,doss_bootstrap
67715-80-4,16.88,4.04,4.09,,,doss_bootstrap
67952-65-2,19.23,9.04,6.39,,,doss_bootstrap
6795-87-5,14.84,3.57,3.65,,,doss_bootstrap
68039-44-1,16.46,2.06,2.6,,,doss_bootstrap
685-91-6,16.4,11.3,7.5,,,doss_bootstrap
6863-58-7,15.2,3.5,3.3,,,doss_bootstrap
6914-71-2,17.54,6.58,8.11,,,doss_bootstrap
6928-85-4,17.93,5.56,9.89,,,doss_bootstrap
693-54-9,16.12,4.42,3.09,,,doss_bootstrap
693-65-2,15.6,3.1,3.0,,,doss_bootstrap
693-95-8,18.56,6.86,7.55,,,doss_bootstrap
694-35-9,16.36,2.49,3.26,,,doss_bootstrap
695-06-7,16.55,9.85,5.88,,,doss_bootstrap
696-59-3,16.8,7.2,8.2,,,doss_bootstrap
696-71-9,17.18,4.51,9.76,,,doss_bootstrap
698-10-2,16.53,8.58,11.27,,,doss_bootstrap
701-97-3,17.28,4.71,9.54,,,doss_bootstrap
705-86-2,16.37,10.2,4.31,,,doss_bootstrap
706-14-9,16.42,10.0,4.51,,,doss_bootstrap
706-31-0,17.55,3.22,4.98,,,doss_bootstrap
7154-75-8,15.16,2.8,2.57,,,doss_bootstrap
7331-52-4,17.16,15.34,15.0,,,doss_bootstrap
7379-12-6,15.63,5.76,3.19,,,doss_bootstrap
7399-50-0,17.22,4.24,3.63,,,doss_bootstrap
7433-56-9,16.02,1.31,1.86,,,doss_bootstrap
7443-52-9,16.75,4.08,9.48,,,doss_bootstrap
7452-79-1,15.59,3.82,4.92,,,doss_bootstrap
7491-02-3,15.85,3.16,3.62,,,doss_bootstrap
7493-74-5,17.77,4.97,6.23,,,doss_bootstrap
7534-94-3,16.63,2.29,2.4,,,doss_bootstrap
759-36-4,16.02,4.38,5.38,,,doss_bootstrap
760-32-7,14.08,1.56,1.28,,,doss_bootstrap
763-29-1,14.98,2.0,2.17,,,doss_bootstrap
764-01-2,17.36,9.37,15.6,,,doss_bootstrap
765-10-6,15.92,1.8,1.81,,,doss_bootstrap
765-13-9,15.95,1.75,1.89,,,doss_bootstrap
76649-25-7,17.0,4.61,9.15,,,doss_bootstrap
768-56-9,17.45,2.26,3.32,,,doss_bootstrap
768-66-1,15.93,2.67,2.59,,,doss_bootstrap
7688-21-3,15.59,1.98,3.2,,,doss_bootstrap
7695-91-2,16.75,1.38,2.01,,,doss_bootstrap
770-35-4,17.4,5.3,11.5,,,doss_bootstrap
7731-28-4,16.93,4.99,10.07,,,doss_bootstrap
7731-29-5,16.93,4.99,10.07,,,doss_bootstrap
774-55-0,19.03,5.71,1.1,,,doss_bootstrap
7764-50-3,17.09,5.29,2.8,,,doss_bootstrap
77-74-7,15.95,3.9,8.78,,,doss_bootstrap
77-75-8,16.54,5.14,10.05,,,doss_bootstrap
7780-06-5,17.53,3.2,4.46,,,doss_bootstrap
7786-67-6,16.58,3.74,7.48,,,doss_bootstrap
7787-20-4,17.42,5.24,2.06,,,doss_bootstrap
77-93-0,16.5,4.9,12.0,,,doss_bootstrap
77-94-1,16.6,3.8,10.1,,,doss_bootstrap
78-07-9,13.79,3.06,2.35,,,doss_bootstrap
78-08-0,14.89,2.81,2.2,,,doss_bootstrap
78-09-1,15.44,5.11,3.7,,,doss_bootstrap
78-10-4,13.9,4.3,0.6,,,doss_bootstrap
78-27-3,17.86,5.67,9.15,,,doss_bootstrap
78-39-7,15.36,4.39,3.56,,,doss_bootstrap
78-51-3,15.95,8.4,5.66,,,doss_bootstrap
78-69-3,15.94,2.61,5.98,,,doss_bootstrap
8001-21-6,16.54,1.66,3.63,,,doss_bootstrap
8001-22-7,16.64,1.71,4.13,,,doss_bootstrap
8001-23-8,16.64,1.71,4.13,,,doss_bootstrap
8001-30-7,16.5,1.6,3.13,,,doss_bootstrap
8002-03-7,16.5,1.6,3.13,,,doss_bootstrap
8002-75-3,16.4,1.8,1.9,,,doss_bootstrap
80-55-7,16.37,6.61,11.17,,,doss_bootstrap
81-13-0,17.59,13.59,17.2,,,doss_bootstrap
817-95-8,15.87,6.13,6.55,,,doss_bootstrap
819-97-6,15.67,3.28,4.31,,,doss_bootstrap
821-09-0,16.21,6.51,12.11,,,doss_bootstrap
821-11-4,18.08,10.41,21.35,,,doss_bootstrap
821-55-6,16.09,5.13,3.5,,,doss_bootstrap
821-95-4,15.77,1.46,2.03,,,doss_bootstrap
823-76-7,17.04,5.1,3.81,,,doss_bootstrap
82461-14-1,17.59,3.14,3.08,,,doss_bootstrap
85-91-6,16.4,11.3,7.5,,,doss_bootstrap
871-83-0,15.39,0.1,0.1,,,doss_bootstrap
87-19-4,17.68,6.75,7.65,,,doss_bootstrap
872-55-9,17.98,3.19,5.47,,,doss_bootstrap
87-44-5,16.66,0.89,2.61,,,doss_bootstrap
87818-31-3,17.75,3.42,2.27,,,doss_bootstrap
88-09-5,16.0,5.57,11.19,,,doss_bootstrap
88917-22-0,16.3,4.9,8.0,,,doss_bootstrap
89-48-5,16.36,2.67,3.52,,,doss_bootstrap
89-81-6,17.17,4.64,3.34,,,doss_bootstrap
9004-96-0,16.28,3.73,7.58,,,doss_bootstrap
9005-07-6,16.22,1.99,2.65,,,doss_bootstrap
9005-64-5,16.28,5.66,10.23,,,doss_bootstrap
9005-65-6,16.28,5.66,10.23,,,doss_bootstrap
9005-67-8,16.3,6.46,6.7,,,doss_bootstrap
9006-65-9,12.8,1.49,1.42,,,doss_bootstrap
91-62-3,19.43,4.85,5.26,,,doss_bootstrap
91-63-4,19.43,4.85,5.26,,,doss_bootstrap
917-92-0,14.62,2.27,2.05,,,doss_bootstrap
919-31-3,13.94,6.58,3.67,,,doss_bootstrap
924-50-5,16.5,4.84,6.38,,,doss_bootstrap
928-91-6,16.7,5.96,11.24,,,doss_bootstrap
928-95-0,16.59,5.3,10.98,,,doss_bootstrap
928-96-1,16.58,5.67,11.12,,,doss_bootstrap
928-97-2,16.58,5.67,11.12,,,doss_bootstrap
930-27-8,17.4,5.23,5.6,,,doss_bootstrap
931-40-8,17.9,25.5,17.4,,,doss_bootstrap
934-80-5,17.6,2.7,2.9,,,doss_bootstrap
93-54-9,18.01,4.63,10.13,,,doss_bootstrap
93-92-5,17.59,3.56,5.24,,,doss_bootstrap
94-60-0,17.15,5.06,6.7,,,doss_bootstrap
96-04-8,16.71,8.87,5.41,,,doss_bootstrap
97-95-0,15.8,4.3,13.5,,,doss_bootstrap
97-96-1,15.63,6.74,4.58,,,doss_bootstrap
98-02-2,19.5,9.4,8.0,,,doss_bootstrap
98-03-3,19.46,14.43,9.36,,,doss_bootstrap
98-85-1,18.47,5.02,11.29,,,doss_bootstrap
995-32-4,17.33,11.58,8.9,,,doss_bootstrap
99-87-6,17.4,2.27,2.44,,,doss_bootstrap
999-21-3,16.91,4.5,6.41,,,doss_bootstrap
