" "," "," ","1-Acetylpiperidine","4-Acetylmorpholine","Hexahydro-1H-azepine-1-carbaldehyde","N-Formylpiperidine","Butanedial","Tetramethylene sulfoxide","1,2-Cyclohexanedione","2-Methoxy-1,3-dioxolane","2-Methylpyrazine","3-Methoxypropionitrile","Acetone","Caprolactone","Cyclobutanone","Cycloheptanone","Cyclopentanone","Cyrene","Diisopropyl methylphosphonate","Butyl sulfoxide","Dimethyl sulfoxide","Ethyl cyanoacetate","1,3-Dioxolan-2-one, 4-[(acetyloxy)methyl]-","Methyl acetoacetate","Methyl cyanoacetate","N,N-Diethyl Acetamide","N,N-Diethylformamide","1-Butylpyrrolidin-2-one","Triethyl phosphate","γ-Butyrolactone","Î³-Valerolactone","N-methyl-2-pyrrolidone","β-Methyl-δ-valerolactone","3,4-(Methylenedioxy)benzaldehyde","Octadecylamine","PFOS - Heptadecafluorooctanesulfonic acid solution"
"Cas #"," "," ","618-42-8","1696-20-4","25114-81-2","2591-86-8","638-37-9","1600-44-8","765-87-7","19693-75-5","109-08-0","110-67-8","67-64-1","502-44-3","1191-95-3","502-42-1","120-92-3","53716-82-8","1445-75-6","2168-93-6","67-68-5","105-56-6","1607-31-4","105-45-3","105-34-0","685-91-6","617-84-5","3470-98-2","78-40-0","96-48-0","108-29-2","872-50-4","1121-84-2","120-57-0","124-30-1","1763-23-1"
"SDS Source"," "," ","TCI","Sigma Aldrich","ChemicalBook","ThermoFisher Scientific","Angene Chemical","Fisher Scientific","Sigma Aldrich","Sigma Aldrich","Sigma Aldrich","Sigma Aldrich","Fischer Scientific","Sigma Aldrich","Sigma Aldrich","ThermoFisher Scientific","Sigma Aldrich","Sigma Aldrich","ThermoFisher Scientific","Sigma Aldrich","Sigma Aldrich","ThermoFisher Scientific","AppChem","ThermoFisher Scientific","ThermoFisher Scientific","Sigma Aldrich","ThermoFisher Scientific","Sigma Aldrich","Sigma Aldrich","Sigma Aldrich","Sigma Aldrich","Sigma Adlrich","Angene Chemical","ThermoFisher Scientific","Sigma Aldrich","Sigma Aldrich"
"SDS Source URL"," "," ","https://www.tcichemicals.com/US/en/p/A0109","https://www.sigmaaldrich.com/US/en/sds/aldrich/a18834?userType=anonymous","https://www.chemicalbook.com/msds/Hexahydro-1H-azepine-1-carbaldehyde.pdf","https://www.fishersci.com/store/msds?partNumber=AC119730010&countryCode=US&language=en","https://angenechemical.com/sds/638-37-9.pdf","https://www.fishersci.com/store/msds?partNumber=AC138440250&productDescription=TETRAMETHYLENE+SULFOXIDE+25GR&vendorId=VN00032119&countryCode=US&language=en","https://www.sigmaaldrich.com/US/en/sds/aldrich/c101400","https://www.sigmaaldrich.com/US/en/sds/aldrich/217050","https://www.sigmaaldrich.com/US/en/sds/aldrich/m75608","https://www.sigmaaldrich.com/US/en/sds/aldrich/65290","https://www.fishersci.com/store/msds?partNumber=A181&productDescription=ACETONE+CERTIFIED+ACS+1L&vendorId=VN00033897&countryCode=US&language=en","","https://www.sigmaaldrich.com/US/en/sds/aldrich/c96001","https://www.fishersci.com/store/msds?partNumber=AC111045000&countryCode=US&language=en","","https://www.sigmaaldrich.com/US/en/sds/sial/807796","https://www.fishersci.com/store/msds?partNumber=AAA1290406&productDescription=DIISOPROPL+METHLPHOSPHNAT+9+5G&vendorId=VN00024248&countryCode=US&language=en","https://www.sigmaaldrich.com/US/en/sds/aldrich/b102407","","https://www.fishersci.com/store/msds?partNumber=AC118280010&countryCode=US&language=en","https://www.appchemical.com/products/1607-31-4","https://www.fishersci.com/store/msds?partNumber=AC126150025&countryCode=US&language=en","https://www.fishersci.com/store/msds?partNumber=AC148642500&countryCode=US&language=en","https://www.sigmaaldrich.com/US/en/sds/aldrich/137529","https://www.fishersci.com/store/msds?partNumber=AAL04503&productDescription=keyword&vendorId=VN00024248&countryCode=US&language=en","https://www.sigmaaldrich.com/US/en/sds/mm/1.03818?userType=anonymous","https://www.sigmaaldrich.com/US/en/sds/aldrich/538728","https://www.sigmaaldrich.com/US/en/sds/sial/90970?userType=anonymous","","https://www.sigmaaldrich.com/US/en/sds/sial/328634","https://www.angenechemical.com/sds/1121-84-2.pdf","https://assets.thermofisher.com/DirectWebViewer/private/document.aspx?prd=ALFAAA14072~~PDF~~MTR~~CGV4~~EN~~2025-09-07%2000:56:17~~Piperonal~~","https://www.sigmaaldrich.com/US/en/sds/aldrich/305391?userType=anonymous","https://www.sigmaaldrich.com/US/en/sds/aldrich/77283?userType=anonymous"
"SDS Year"," "," ","2024","2022","2026","2025","2021","2025","2025","2025","2020","2025","2025","2018","2025","2025","2018","2025","2025","2025","2018","2025","N/A","2025","2025","2021","2025","2022","2021","2018","2018","2022","2024","2025","2024","2023"
"Assessment Information"," "," ","","","Other names: N-formylazepane; N-Formyl Hexamethylene Imine","","","","","","","","","","","","","Dihydrolevoglucosenone, solvent for synthesis","","","","","","","","","","Submitted by TURI staff for dip coating replacement for NMP","Submitted by TURI staff","","","Submitted in 2017. Five year review in 2022 by TURI staff","","Piperonal, precursor for synthesis","PFAS-free, silicon-free approach in the AT-10 Fabric coating Project",""
" "," "," "," "," "," "," "," "," "," "," "," "," "," "," "," "," "," "," "," "," "," "," "," "," "," "," "," "," "," "," "," "," "," "," "," "," "
"Category","Sub Category","Units","1-Acetylpiperidine","4-Acetylmorpholine","Hexahydro-1H-azepine-1-carbaldehyde","N-Formylpiperidine","Butanedial","Tetramethylene sulfoxide","1,2-Cyclohexanedione","2-Methoxy-1,3-dioxolane","2-Methylpyrazine","3-Methoxypropionitrile","Acetone","Caprolactone","Cyclobutanone","Cycloheptanone","Cyclopentanone","Cyrene","Diisopropyl methylphosphonate","Butyl sulfoxide","Dimethyl sulfoxide","Ethyl cyanoacetate","1,3-Dioxolan-2-one, 4-[(acetyloxy)methyl]-","Methyl acetoacetate","Methyl cyanoacetate","N,N-Diethyl Acetamide","N,N-Diethylformamide","1-Butylpyrrolidin-2-one","Triethyl phosphate","γ-Butyrolactone","Î³-Valerolactone","N-methyl-2-pyrrolidone","β-Methyl-δ-valerolactone","3,4-(Methylenedioxy)benzaldehyde","Octadecylamine","PFOS - Heptadecafluorooctanesulfonic acid solution"
"Acute Human Effects","Inhalation Toxicity","LC50 ppm","","","","","","","2364","","","","","","","","","","","","5.33","","","","","","","","","","","5100.00","","","",""
"Acute Human Effects","Inhalation Toxicity","Memo for LC50 ppm","","","","","","","OPERA","","","","","","","","","","","","","","","","","","","","","","","","","","",""
"Acute Human Effects","Inhalation Toxicity","Vapor GHS Category Level","","","","","","","","","","","","","","4","","","","","","","","","","4","","","2","","","","","","",""
"Acute Human Effects","Inhalation Toxicity","Memo for Vapor GHS Category Level","","","","","","","","","","","","","","","","","","","","","","","","SDS","","","SciFinder","","","","","","",""
"Acute Human Effects","Inhalation Toxicity","mg/l gas/vapor","","","","","","","","","","","76.00","","","","19500.00","","","","","","","","","","","","","","","","","","","11.1"
"Acute Human Effects","Inhalation Toxicity","Memo for mg/l gas/vapor","","","","","","","","","","","","","","","","","","","","","","","","","","","","","","","","","","SDS"
"Acute Human Effects","Inhalation Toxicity","mg/l dust/mist/fume","","","","","","","","","","","","","","10","","5.16","","","","7380","","29","","11","","5.1","8.817","5100.00","","","","","",""
"Acute Human Effects","Inhalation Toxicity","Memo for mg/l dust/mist/fume","","","","","","","","","","","","","","","","OECD Test Guideline 436","","","","","","ToxValDB","","SDS","","SDS","SDS 4 hour, rat, OECD SIDS","","","","","","",""
"Acute Human Effects","Inhalation Toxicity","Key Phrases","","","6","","","","4","4","4","","4","2","","4","2","2","4","4","6","4","4","2","4","6","4","4","4","2","2","4","","","8","6"
"Acute Human Effects","Inhalation Toxicity","Memo for Key Phrases","","","","","","","","","","","","","","","","","","","","","","","","SDS","","","","","","","","","SDS","SDS  extremely destructive to tissue of the mucous membranes and upper respiratory tract"
"Acute Human Effects","Inhalation Toxicity","Solid GHS Category Level","","","4","","","","4","","","","","","","","","","","","","","","","","","","","","","","","","","",""
"Acute Human Effects","Inhalation Toxicity","Memo for Solid GHS Category Level","","","","","","","","","","","","","","","","","","","","","","","","","","","","","","","","","",""
"Acute Human Effects","Inhalation Toxicity","GHS H Phrases","","","6","","","","","","","","","","","","","2","","","","","","","","6","","","4","","","","","","8","6"
"Acute Human Effects","Inhalation Toxicity","Memo for GHS H Phrases","","","","","","","","","","","","","","","","","","","","","","","","SDS","","","SciFinder","","","","","","SDS Aspiration hazard",""
"Acute Human Effects","Oral Toxicity","LD50 mg/kg","96","7136","","","","3500","","2652","1800.00","3200","5800.00","4290.00","898","2595","2000.00","2000","826","378","28300.00","2000","3247","3228","200","","","1500","1100","1540.00","8800.00","4150","","2700","2000","500"
"Acute Human Effects","Oral Toxicity","Memo for LD50 mg/kg","PubChem - Red-winged blackbird - LDad (Lethal Dose-acute dietary)","OECD Test Guideline 401","","","","PubChem","","OPERA","SDS","ToxVal - Mouse","","","OPERA","","","OECD Test Guideline 423","SDS","","","","OPERA","ToxValDB","PubChem","","","SDS 300-2000","rat, Fisher Scientific, OECD SIDS SDS","","","SDS","","SDS","SDS","SDS"
"Acute Human Effects","Oral Toxicity","Key Phrases","","","6","6","6","","6","4","6","4","","4","6","6","4","4","6","6","4","6","6","4","6","6","4","6","6","6","","4","6","4","6","6"
"Acute Human Effects","Oral Toxicity","Memo for Key Phrases","","","","","","","","","SDS","","","","","","","","SDS","","","","","","","SDS","","SDS","SciFinder","","","","","SDS","","SDS"
"Acute Human Effects","Oral Toxicity","GHS H Phrases","","","6","6","6","","6","","6","4","","","","6","","4","6","6","","6","6","4","6","6","","6","6","6","","4","6","4","4","6"
"Acute Human Effects","Oral Toxicity","Memo for GHS H Phrases","","","","","","","","","SDS","","","","","","","","","","","","","","","SDS","","SDS","SciFinder","","","","","SDS","","SDS"
"Acute Human Effects","Oral Toxicity","GHS Category Level","","","4","4","","","4","","4","2","","","","4","","4","4","4","","","6","2","6","4","","4","4","4","","4","6","2","4","4"
"Acute Human Effects","Oral Toxicity","Memo for GHS Category Level","","","","","","","","","SDS","","","","","","","","","","","","","","","SDS","","SDS","SciFinder","","","","","SDS","","SDS"
"Acute Human Effects","Dermal Toxicity","LD50 mg/kg","300","2000","","","","","","","","9020","7400.00","6400.00","","","3000.00","","1100","","40000.00","2000","","2000","400","1100","","2000","21400","5000.00","5000.00","8000.00","","5000","",""
"Acute Human Effects","Dermal Toxicity","Memo for LD50 mg/kg","PubChem - Rabbit","OECD Test Guideline 402","","","","","","","","ToxVal - Rabbit","","","","","","","SDS","","","","","SDS","PubChem","SDS","","SDS","guinea pig","","","SDS","","SDS","",""
"Acute Human Effects","Dermal Toxicity","Key Phrases","","","6","8","","","","4","4","2","","2","4","4","6","","6","","4","6","4","4","6","6","4","4","4","2","","","","2","4","6"
"Acute Human Effects","Dermal Toxicity","Memo for Key Phrases","","","","","","","","","","","","","","","","","","","","","","","","SDS","","","","","","","","","",""
"Acute Human Effects","Dermal Toxicity","GHS H Phrases","","","6","8","","","","","","","","","","","","","6","","","6","","4","6","6","","","4","","","4","","","",""
"Acute Human Effects","Dermal Toxicity","Memo for GHS H Phrases","","","","","","","","","","","","","","","","","","","","","","","","SDS","","","SciFinder","","","SciFinder","","","",""
"Acute Human Effects","Dermal Toxicity","GHS Category Level","","","4","4","","","","","","","","","","","","","4","","","","","2","6","4","","","2","","","2","","","",""
"Acute Human Effects","Dermal Toxicity","Memo for GHS Category Level","","","","","","","","","","","","","","","","","","","","","","","","SDS","","","SciFinder","","","SciFinder","","","",""
"Acute Human Effects","Respiratory Irritation","Key Phrases","","","6","6","","6","4","","","","4","2","","","","2","4","","","6","4","","","","4","","4","","4","6","6","","",""
"Acute Human Effects","Respiratory Irritation","Memo for Key Phrases","","","","","","","","","","","","","","","","OECD Test Guideline 429","","","","","","","","","","","","","","","","","",""
"Acute Human Effects","Respiratory Irritation","GHS H Phrases","","","","4","","4","4","","","","","","","","","4","","","","","4","","","4","4","","","","","4","4","","",""
"Acute Human Effects","Respiratory Irritation","Memo for GHS H Phrases","","","","","","","","","","","","","","","","","","","","","","","","SDS","","","","","","SDS","","","",""
"Acute Human Effects","Respiratory Irritation","GHS Category Level","","","","","","","","","","","","","","","","","","","","","","","","","","","","","","","","","",""
"Acute Human Effects","Respiratory Irritation","Memo for GHS Category Level","","","","","","","","","","","","","","","","","","","","","","","","","","","","","","Category 3 on SciFinder","","","",""
"Acute Human Effects","Dermal Irritation","Key Phrases","","6","8","8","8","8","8","4","4","6","4","2","4","10","6","2","6","4","6","6","8","","6","6","8","6","8","4","6","8","8","6","6","6"
"Acute Human Effects","Dermal Irritation","Memo for Key Phrases","","","","","","","","","","","","","","","","OECD Test Guideline 404","","","","","","","","","","SDS Causes skin irritation","SciFinder ""causes skin irritation""","","","","","","","extremely destructive to tissue of the mucous membranes and skin"
"Acute Human Effects","Dermal Irritation","GHS Category Level","6","10","","6","","6","6","","","6","","","","10","6","2","6","","","6","8","","","6","6","6","6","","","6","","6","6","8"
"Acute Human Effects","Dermal Irritation","Memo for GHS Category Level","","","","","","","","","","PubChem","","","","","","","SDS","","","","","","","SDS","","SDS","SciFinder, 2","","","SDS","","","SDS","Pubchem"
"Acute Human Effects","Dermal Irritation","GHS H Phrases","","6","8","8","8","8","8","","","8","","","","10","8","","6","","","6","8","","","8","8","8","8","","","8","8","6","8","8"
"Acute Human Effects","Dermal Irritation","Memo for GHS H Phrases","","","","","","","","","","","","","","","","","","","","","","","","SDS","","SDS","SciFinder","","","SDS","","SDS","SDS","Pubchem"
"Acute Human Effects","Eye Irritation","Key Phrases","","","8","8","8","8","8","6","4","8","6","8","4","10","8","8","8","4","6","8","8","8","8","8","8","8","8","8","4","8","8","6","10","8"
"Acute Human Effects","Eye Irritation","Memo for Key Phrases","","","","","","","","","","","","","","","","OECD Test Guideline 437","","","","","","","","","","SDS - Causes serious eye irritation.","","","","","","","","extremely destructive to tissue of the mucous membranes and eyes"
"Acute Human Effects","Eye Irritation","GHS H Phrases","","8","8","8","8","8","8","","","8","","8","","10","8","8","","","","8","8","8","8","8","8","8","8","10","","8","8","6","10","8"
"Acute Human Effects","Eye Irritation","Memo for GHS H Phrases","","PubChem","","","","","","","","SDS","","","","","","","","","","","","","","SDS","","SDS","SciFinder","","","SDS","","","SDS",""
"Acute Human Effects","Eye Irritation","GHS Category Level","8","6","6","6","","8","6","","","8","6","8","","10","8","8","6","","","8","8","8","8","8","8","8","8","10","","8","8","6","10","8"
"Acute Human Effects","Eye Irritation","Memo for GHS Category Level","","PubChem","","","","","","","","","","","","","","","","","","","","","","SDS","","SDS","SciFinder","","","SDS","","","SDS",""
"Acute Human Effects","Exposure Limits","PEL/TLV ppm (gas or vapor)","","","","2.7","","","","","","","250.00","","","","","","","","250.00","","","","","","15","","","","","15","","","",""
"Acute Human Effects","Exposure Limits","Memo for PEL/TLV ppm (gas or vapor)","","","","","","","","","","","","","","","","","","","","","","","","","skin","","","","","SDS","","","",""
"Acute Human Effects","Exposure Limits"," PEL/TLV (dusts/particles) mg/m3","","","","","","","","","","","","","","","","","","","","","","","","","","","7.45","","","4.00","","","",""
"Acute Human Effects","Exposure Limits","Memo for  PEL/TLV (dusts/particles) mg/m3","","","","","","","","","","","","","","","","","","","","","","","","","","","","","","","","","",""
"Acute Human Effects","Exposure Limits","Key phrases","","","","","","","","","","","","","","","","","","","","","","","","","","","","","","","","","",""
"Acute Human Effects","Exposure Limits","Memo for Key phrases","","","","","","","","","","","","","","","","","","","","","","","","","","","","","","","","","",""
"Acute Human Effects","IDLH","ppm","","","","","","","","","","","2500.00","","","","","","","","","","","","","","","","","","","","","","",""
"Acute Human Effects","IDLH","Memo for ppm","","","","","","","","","","","","","","","","","","","","","","","","","","","","","","","","","",""
"Acute Human Effects","Specific Target Organ Toxicity - STOT Single Exposure","GHS Category - STOT - Single Exposure","6","","6","","","","","","","","6","","","","","","6","","","6","","","","","","","6","6","","6","","","",""
"Acute Human Effects","Specific Target Organ Toxicity - STOT Single Exposure","Memo for GHS Category - STOT - Single Exposure","","","","","","","","","","","","","","","","","","","","Respiratory system","","","","","","","SciFinder Narcosis","","","SciFinder","","","",""
"Acute Human Effects","Specific Target Organ Toxicity - STOT Single Exposure","Key Phrases","","","","","","","","","","","6","","","8","","","6","","","","","6","","","","","6","6","","6","","6","","8"
"Acute Human Effects","Specific Target Organ Toxicity - STOT Single Exposure","Memo for Key Phrases","","","","","","","","","","","","","","high-dose animal studies include excitement, cardiac arrhythmias, and coma","","","cholinesterase inhibitor in animal studies","","","","","May cause CNS depression","","","","","","","","SciFinder","","CNS depression","","Pubchem - shown to exert toxic effects on the central nervous system"
"Acute Human Effects","Specific Target Organ Toxicity - STOT Single Exposure","GHS Category - STOT - Repeated Exposure","","","","","","","","","","","","","","","","","","","","","","","","","","","","","","","","","",""
"Acute Human Effects","Specific Target Organ Toxicity - STOT Single Exposure","Memo for GHS Category - STOT - Repeated Exposure","","","","","","","","","","","","","","","","","","","","","","","","","","","","","","","","","",""
"Acute Human Effects","Specific Target Organ Toxicity - STOT Other Organ Effects","GHS Category - STOT - Single Exposure","6","","","6","","6","6","","","6","6","2","","","","","6","","2","","","","","6","6","","2","","2","6","6","","",""
"Acute Human Effects","Specific Target Organ Toxicity - STOT Other Organ Effects","Memo for GHS Category - STOT - Single Exposure","","","","","","","Respiratory tract","","","","","","","","","","","","","","","","","SDS","","","","","","SDS","","","",""
"Acute Human Effects","Specific Target Organ Toxicity - STOT Other Organ Effects","GHS H-Phrase - Single Exposure","","","","","","","","","","","","","","","","","","","","","","","","","","","8","","","","","","",""
"Acute Human Effects","Specific Target Organ Toxicity - STOT Other Organ Effects","Memo for GHS H-Phrase - Single Exposure","","","","","","","","","","","","","","","","","","","","","","","","","","","EPA Chemical Dashboard, Japanese NITE GHS recommendation, SciFinder","","","","","","",""
"Acute Human Effects","Health","NFPA/HMIS 0,1,2,3,4","","6","","","4","2","4","2","6","6","6","","2","6","2","6","6","2","6","6","4","6","6","6","6","6","6","6","2","6","","6","6","8"
"Acute Human Effects","Health","Memo for NFPA/HMIS 0,1,2,3,4","","","","","","","","","","","","","","SDS","","","SDS","","","","","SDS","SDS","","","","","","","","","","",""
"Chronic Human Effects","Carcinogen","IARC Category","","","","","","","","","2","","","2","","","","","","","2","","","","","2","","","2","4","2","","","","",""
"Chronic Human Effects","Carcinogen","Memo for IARC Category","","","","","","","","","SDS","","","","","","","","","","","","","","","SDS","","","","","","","","","",""
"Chronic Human Effects","Carcinogen","EPA CLASS Category","","","","","","","","","","","","","","","","","","","","","","","","","","","","","","","","","",""
"Chronic Human Effects","Carcinogen","Memo for EPA CLASS Category","","","","","","","","","","","","","","","","","","","","","","","","","","","","","","","","","",""
"Chronic Human Effects","Carcinogen","ACGIH Category","","","","","","","","","","","","2","","","","","","","","","","","","","","","2","","","","","","",""
"Chronic Human Effects","Carcinogen","Memo for ACGIH Category","","","","","","","","","","","","","","","","","","","","","","","","","","","","","","","","","",""
"Chronic Human Effects","Carcinogen","OSHA Category","2","2","","2","2","2","2","2","2","2","","2","2","2","","2","2","2","2","2","2","2","2","2","2","2","2","","2","2","2","2","2",""
"Chronic Human Effects","Carcinogen","Memo for OSHA Category","","","","","","","","","SDS","","","","","","","","","","","","","","","SDS","","","","","","","","","",""
"Chronic Human Effects","Carcinogen","ECHA","","","","","","","","","","","","","","","","","","","","","","","","","","","","","","","","","",""
"Chronic Human Effects","Carcinogen","Memo for ECHA","","","","","","","","","","","","","","","","","","","","","","","","","","","","","","","","","",""
"Chronic Human Effects","Carcinogen","Key Phrases","2","2","","2","2","2","2","2","2","2","2","2","2","2","2","2","2","2","2","2","2","2","2","2","2","2","2","","2","2","2","2","2","6"
"Chronic Human Effects","Carcinogen","Memo for Key Phrases","","","","","","","","","SDS","","","","","","","","","","","","","","","SDS","","","","","","","","","",""
"Chronic Human Effects","Carcinogen","GHS H Phrases","","","","","","","","","","","","","","","","2","","","","","","","","","","","","","","","","","","6"
"Chronic Human Effects","Carcinogen","Memo for GHS H Phrases","","","","","","","","","","","","","","","","","","","","","","","","","","","","","","","","","","SDS"
"Chronic Human Effects","Carcinogen","GHS Category","","","","","","","","","","","","","","","","2","","","","","","","","","","","","","","","","","","6"
"Chronic Human Effects","Carcinogen","Memo for GHS Category","","","","","","","","","","","","","","","","","","","","","","","","","","","","","","","","","","SDS"
"Chronic Human Effects","Carcinogen","Prop 65 Category","","","","","","","","","","","","","","","","2","","","","","","","","","","","","","","","","","",""
"Chronic Human Effects","Carcinogen","Memo for Prop 65 Category","","","","","","","","","","","","","","","","","","","","","","","","","","","","","","","","","",""
"Chronic Human Effects","Mutagen/ Teratogen","Key Phrases","","2","","","","","4","4","4","4","","2","4","4","","2","4","4","4","4","4","4","4","4","","2","4","","2","2","","","2",""
"Chronic Human Effects","Mutagen/ Teratogen","Memo for Key Phrases","","","","","","","","","","","","","","","","OECD Test Guidelines 471, 476 & 487","","","","","","","","","","SDS Ames test; micronucleus;  In vitro mammalian cell gene mutation test","OECD Test Guideline 476","","","SDS","","","SDS OECD Test Guideline 471 negative",""
"Chronic Human Effects","Mutagen/ Teratogen","GHS H Phrase","","","","","","","","","","","","","","","","2","","","","","","","","","","","","","","","","","",""
"Chronic Human Effects","Mutagen/ Teratogen","Memo for GHS H Phrase","","","","","","","","","","","","","","","","","","","","","","","","","","","","","","","","","",""
"Chronic Human Effects","Mutagen/ Teratogen","GHS Category","","","","","","","","","","","","","","","","2","","","","","","","","","","","","","","","","","",""
"Chronic Human Effects","Mutagen/ Teratogen","Memo for GHS Category","","","","","","","","","","","","","","","","","","","","","","","","","","","","","","","","","",""
"Chronic Human Effects","Reproductive/ Developmental","Key Phrases","","6","","","","","4","4","4","4","","","4","4","","","4","4","","4","4","4","4","4","","4","6","","2","8","","6","4","8"
"Chronic Human Effects","Reproductive/ Developmental","Memo for Key Phrases","","","","","","","","","","","","","","","","","","","","","","","","","","","EPA Chemical Dashboard - NITE Japanese GHS study, not adopted elsewhere","","","","","","","SDS"
"Chronic Human Effects","Reproductive/ Developmental","GHS H Phrases","","6","","","","","","","","","","","","","","","","","","","","","","","","","6","","","8","","6","","8"
"Chronic Human Effects","Reproductive/ Developmental","Memo for GHS H Phrases","","","","","","","","","","","","","","","","","","","","","","","","","","","SciFinder","","","SciFinder","","SDS","","SDS"
"Chronic Human Effects","Reproductive/ Developmental","GHS Category","","6","","","","","","","","","","","","","","","","","","","","","","","","","6","","","10","","6","","8"
"Chronic Human Effects","Reproductive/ Developmental","Memo for GHS Category","","","","","","","","","","","","","","","","","","","","","","","","","","","SciFinder","","","SciFinder","","","","SDS"
"Chronic Human Effects","Reproductive/ Developmental","Prop 65 Category","","","","","","","","","4","","","","","","","","","","","","","","","","","","","","","8","","","",""
"Chronic Human Effects","Reproductive/ Developmental","Memo for Prop 65 Category","","","","","","","","","","","","","","","","","","","","","","","","","","","","","","","","","",""
"Chronic Human Effects","Respiratory Sensitivity/ Disease","Asthmagen Type (AOEC Database)","","","","","","","","","","","","","","","","","","","","","","","","","","","","","","","","","",""
"Chronic Human Effects","Respiratory Sensitivity/ Disease","Memo for Asthmagen Type (AOEC Database)","","","","","","","","","","","","","","","","","","","","","","","","","","","Not found on AOEC website, on CHE website as organophosphates","","","","","","",""
"Chronic Human Effects","Respiratory Sensitivity/ Disease","Key Phrases","","","6","","","","6","","","","","","","","2","","8","","","","6","","","6","6","","6","","","8","6","6","",""
"Chronic Human Effects","Respiratory Sensitivity/ Disease","Memo for Key Phrases","","","","","","","","","","","","","","","","","","","","","","","","SDS","","","","","","","","","",""
"Chronic Human Effects","Respiratory Sensitivity/ Disease","GHS H Phrase","","","6","","","","6","","","6","","","","","","6","6","","","","6","","","6","6","","","","","6","6","","",""
"Chronic Human Effects","Respiratory Sensitivity/ Disease","Memo for GHS H Phrase","","","","","","","","","","","","","","","","","","","","","","","","SDS","","","","","","SDS","","","",""
"Chronic Human Effects","Respiratory Sensitivity/ Disease","GHS Category","","","","","","","","","","","","","","","","","","","","","","","","","","","","","","","","","",""
"Chronic Human Effects","Respiratory Sensitivity/ Disease","Memo for GHS Category","","","","","","","","","","","","","","","","","","","","","","","","","","","","","","","","","",""
"Chronic Human Effects","Endocrine System Effects","EU - Priority Endocrine Disruptor","","","","","","","","","","2","","","","","","2","","","","","2","","","","2","","","","","","","2","",""
"Chronic Human Effects","Endocrine System Effects","Memo for EU - Priority Endocrine Disruptor","","","","","","","","","","","","","","","","","","","","","","","","","","","","","","","","","",""
"Chronic Human Effects","Endocrine System Effects","ECHA Endocrine Disruptor Assessment List","","","","","","","","","","","","","","","","","","","","","","","","","","","","","","","","","",""
"Chronic Human Effects","Endocrine System Effects","Memo for ECHA Endocrine Disruptor Assessment List","","","","","","","","","","","","","","","","","","","","","","","","","","","","","","","","","",""
"Chronic Human Effects","Endocrine System Effects","EU - SVHC","","","","","","","","","","","","","","","","","","","","","","","","","","","","","","","","","",""
"Chronic Human Effects","Endocrine System Effects","Memo for EU - SVHC","","","","","","","","","","","","","","","","","","","","","","","","","","","","","","","","","",""
"Chronic Human Effects","Endocrine System Effects","EU Endocrine Disruptor List","","","","","","","","","","","","","","","","","","","","","","","","","","","","","","","","","",""
"Chronic Human Effects","Endocrine System Effects","Memo for EU Endocrine Disruptor List","","","","","","","","","","","","","","","","","","","","","","","","","","","","","","","","","",""
"Chronic Human Effects","Endocrine System Effects","ChemSec - SIN","2","","","","2","2","","2","","2","","","","2","","2","","2","","","2","","","","2","","","","","","2","2","",""
"Chronic Human Effects","Endocrine System Effects","Memo for ChemSec - SIN","","","","","","","","","","","","","","","","","","","","","","","","","","","","","","","","","",""
"Chronic Human Effects","Endocrine System Effects","OSPAR","","","","","","","","","","","","","","","","","","","","","","","","","","","","","","","","","",""
"Chronic Human Effects","Endocrine System Effects","Memo for OSPAR","","","","","","","","","","","","","","","","","","","","","","","","","","","","","","","","","",""
"Chronic Human Effects","Endocrine System Effects","TEDX","","","","","","","","","","","","","","","","","","","","","","","","","","","","","","8","","","",""
"Chronic Human Effects","Endocrine System Effects","Memo for TEDX","","","","","","","","","","","","","","","","","","","","","","","","","","","","","","","","","",""
"Chronic Human Effects","Endocrine System Effects","Key Phrases","","","","","","","","","","","","","","","","2","","","","","","","","","","","","","","","","2","",""
"Chronic Human Effects","Endocrine System Effects","Memo for Key Phrases","","","","","","","","","","","","","","","","","","","","","","","","","","","","","","","","","",""
"Chronic Human Effects","Other Chronic Organ Effects","Key Phrases","","","","","","","","","","","8","","","","","2","8","","","","","","","","","","8","8","","","","","8","10"
"Chronic Human Effects","Other Chronic Organ Effects","Memo for Key Phrases","","","","","","","","","","","","","","","","Repeated dose toxicity - Rat - male and female - Oral - 14 d - NOAEL (No observed adverse effect level) - 1,000 mg/kg","Respiratory tract","","","","","","","","","","","","","","","","SDS Gastro-intestinal system, Liver, Immune system",""
"Chronic Human Effects","Other Chronic Organ Effects","GHS H-Phrase - Repeated Exposure","","","","","","","","","","","","","","","","","","","","","","","","","","","","","","8","","","8","10"
"Chronic Human Effects","Other Chronic Organ Effects","Memo for GHS H-Phrase - Repeated Exposure","","","","","","","","","","","","","","","","","","","","","","","","","","","","","","SciFinder","","","SDS","SDS"
"Chronic Human Effects","Other Chronic Organ Effects","GHS Category - STOT - Repeated Exposure","","","","","","","","","","","6","2","","","","","","","2","","","","","","","","2","","2","6","","","6","8"
"Chronic Human Effects","Other Chronic Organ Effects","Memo for GHS Category - STOT - Repeated Exposure","","","","","","","","","","","","","","","","","","","","","","","","","","","","","","SciFinder","","","SDS","SDS"
"Ecological Hazards","Acute Aquatic Toxicity","Acute Fish LC50 (mg/l)","241","6812","226","450","14.4","11100","7","7131","1764.59","4731","5540.00","280.00","3400","111","1800.00","100","68","130","40000.00","59","121","77","123","1500.00","733","100","1000.00","220.00","169.00","950","100","2.5","0.009",""
"Ecological Hazards","Acute Aquatic Toxicity","Memo for Acute Fish LC50 (mg/l)","ECOSAR","","ECOSAR","ECOSAR","ECOSAR","ECOSAR","QSAR toolbox","ECOSAR","","ECOSAR","","","QSAR toolbox","ECOSAR","","OECD Test Guideline 203 - Oncorhynchus mykiss (rainbow trout)","ECOSAR","ECOSAR","","","QSAR toolbox","ECOSAR","","SDS","QSAR toolbox","SDS","","","","EPI Suite","ECOSAR","96h static (Cyprinus carpio)","EPI Suite",""
"Ecological Hazards","Acute Aquatic Toxicity","Acute Algae (or other aquatic plant) EC50 (mg/l)","6","","5.6","10","3.7","1538","","1000","364.35","1400","430.00","2616.00","469","73","","100","73","88","25500.00","","103","236.9","72","9.29","15","160","132.00","360.00","247.00","18.97","128","29","0.000471",""
"Ecological Hazards","Acute Aquatic Toxicity","Memo for Acute Algae (or other aquatic plant) EC50 (mg/l)","ECOSAR","","ECOSAR","ECOSAR","ECOSAR","ECOSAR","","ECOSAR","","ECOSAR","","","ECOSAR","ECOSAR","","OECD Test Guideline 202 - Daphnia magna (Water flea)","ECOSAR","ECOSAR","","","ECOSAR","","ECOSAR","EPI Suite","ECOSAR","SDS","","","","EPI Suite","ECOSAR","EPI Suite","EPI Suite",""
"Ecological Hazards","Acute Aquatic Toxicity","Key Phrases","","","","","","","4","","2","2","","","","","","2","","","2","","2","4","4","6","6","2","2","2","2","6","","8","10","6"
"Ecological Hazards","Acute Aquatic Toxicity","Memo for Key Phrases","","","","","","","","","","","","","","","","","","","","","","","","","","","","","","","","SDS","SDS",""
"Ecological Hazards","Acute Aquatic Toxicity","GHS H Phrases","","","","","","","","","","","","","","","","2","","","","","","","","6","","","","","","","","8","10",""
"Ecological Hazards","Acute Aquatic Toxicity","Memo for GHS H Phrases","","","","","","","","","","","","","","","","","","","","","","","","","","","","","","","","","SDS",""
"Ecological Hazards","Acute Aquatic Toxicity","GHS Category level","","","","","","","","","","","","","","","","2","","","","","","","","6","","","","","","","","8","10",""
"Ecological Hazards","Acute Aquatic Toxicity","Memo for GHS Category level","","","","","","","","","","","","","","","","","","","","","","","","","","","","","","","","","SDS",""
"Ecological Hazards","Chronic Aquatic Toxicity (fish, crustacea or algae)","NOEC (NOAEC) or ECx (mg/l)","","","","","","","","","","","","","","","","100","","","","","","","","","","","","","","","","","",""
"Ecological Hazards","Chronic Aquatic Toxicity (fish, crustacea or algae)","Memo for NOEC (NOAEC) or ECx (mg/l)","","","","","","","","","","","","","","","","OECD Test Guideline 201  - Pseudokirchneriella subcapitata","","","","","","","","","","","","","","","","","",""
"Ecological Hazards","Chronic Aquatic Toxicity (fish, crustacea or algae)","ChV mg/l","","","","","","","","","146.29","","","8.90","","","","","","","623.00","","","","","4.63","","2.36","10.59","","18.96","0.466","","1.8","0.000252",""
"Ecological Hazards","Chronic Aquatic Toxicity (fish, crustacea or algae)","Memo for ChV mg/l","","","","","","","","","","","","","","","","","","","","","","","","EPI Suite","","3470-98-2","","","","EPI Suite","","EPI Suite","EPI Suite",""
"Ecological Hazards","Chronic Aquatic Toxicity (fish, crustacea or algae)","Key Phrases","","","","","","","6","","","2","","4","","","4","2","4","","4","4","2","4","4","6","4","6","4","2","2","6","","8","10","8"
"Ecological Hazards","Chronic Aquatic Toxicity (fish, crustacea or algae)","Memo for Key Phrases","","","","","","","","","","","","","","","","","","","","","","","","","","","","","","","","","SDS","SDS"
"Ecological Hazards","Chronic Aquatic Toxicity (fish, crustacea or algae)","GHS H Phrases","","","","","","","","","","","","","","","","2","","","","","","","","6","","","","","","","","8","10","8"
"Ecological Hazards","Chronic Aquatic Toxicity (fish, crustacea or algae)","Memo for GHS H Phrases","","","","","","","","","","","","","","","","","","","","","","","","","","","","","","","","","SDS","SDS"
"Ecological Hazards","Chronic Aquatic Toxicity (fish, crustacea or algae)","GHS Category","","","","","","","","","","","","","","","","2","","","","","","","","6","","","","","","","","8","10","8"
"Ecological Hazards","Chronic Aquatic Toxicity (fish, crustacea or algae)","Memo for GHS Category","","","","","","","","","","","","","","","","","","","","","","","","","","","","","","","","","SDS","SDS"
"Environmental Fate & Transport","Persistence in air, water, soil/sediment","Air t1/2 life (days)","","","","","","","","","14.50","","49","1.70","","","3.69","","","","0.17","","","","","0.463","","0.37","0.21","4.60","2.86","0.475","","0.375","0.2",""
"Environmental Fate & Transport","Persistence in air, water, soil/sediment","Memo for Air t1/2 life (days)","","","","","","","","","EPI Suite","","","","","","","","","","","","","","","EPI Suite","","EPI Suite","","","","EPI Suite","","EPI Suite","EPI Suite",""
"Environmental Fate & Transport","Persistence in air, water, soil/sediment","Water t1/2 life (days)","","","","","","","","","15.00","","15.00","15.00","","","15.00","","","","15.00","","","","","15","","15","15.00","15.00","15.00","15.00","","15","15",""
"Environmental Fate & Transport","Persistence in air, water, soil/sediment","Memo for Water t1/2 life (days)","","","","","","","","","EPI Suite","","","","","","","","","","","","","","","EPI Suite","","EPI Suite","","","","EPI Suite","","EPI Suite","EPI Suite",""
"Environmental Fate & Transport","Persistence in air, water, soil/sediment","Soil/Sediment t1/2 life (days)","","","","","","","","","30.00","","30.00","30.00","","","30.00","","","","30.00","","","","","30","","30","30.00","30.00","30.00","140.00","","30","30",""
"Environmental Fate & Transport","Persistence in air, water, soil/sediment","Memo for Soil/Sediment t1/2 life (days)","","","","","","","","","EPI Suite","","","","","","","","","","","","","","","EPI Suite","","EPI Suite","","","","EPI Suite","","EPI Suite","EPI Suite",""
"Environmental Fate & Transport","Persistence in air, water, soil/sediment","Overall Key Phrases for Air, Water or Soil/Sediment","6","4","6","6","2","6","2","4","8","2","4","4","2","2","","4","6","4","4","","2","2","2","4","2","4","4","","","8","2","4","6","8"
"Environmental Fate & Transport","Persistence in air, water, soil/sediment","Memo for Overall Key Phrases for Air, Water or Soil/Sediment","","","","","","","","","","","","","EPI Suite","","","OECD Test Guideline 107","","","","","","","","","","","","","","","","","",""
"Environmental Fate & Transport","Degradability in water, soil, sediment","28-day Study: % Breakdown Dissolved Organic Carbon (DOC or ThDOC or ThCO2 or ThOD)","","99","","","","","","","","","","","","","","99","","","31.00","","","","","","","","","90.00","","73.00","","","",""
"Environmental Fate & Transport","Degradability in water, soil, sediment","Memo for 28-day Study: % Breakdown Dissolved Organic Carbon (DOC or ThDOC or ThCO2 or ThOD)","","","","","","","","","","","","","","","","OECD Test Guideline 301A","","","","","","","","","","","","","","SDS","","","",""
"Environmental Fate & Transport","Degradability in water, soil, sediment","OECD 301 A-F; OECD 306; OECD 310; OECD 311","","","","","","","","","","","","","","","","","","","","","","","","","","","","","","","","","",""
"Environmental Fate & Transport","Degradability in water, soil, sediment","Memo for OECD 301 A-F; OECD 306; OECD 310; OECD 311","","","","","","","","","","","","","","","","","","","","","","","","","","","","","","","","","",""
"Environmental Fate & Transport","Degradability in water, soil, sediment","OECD 302 A-D (aerobic, inherent, BOD, DOC, COD)","","","","","","","","","","","","","","","","","","","","","","","","","","","","","","","","","",""
"Environmental Fate & Transport","Degradability in water, soil, sediment","Memo for OECD 302 A-D (aerobic, inherent, BOD, DOC, COD)","","","","","","","","","","","","","","","","","","","","","","","","","","","","","","","","","",""
"Environmental Fate & Transport","Degradability in water, soil, sediment","OECD 303 A-B; OECD 307; OECD 308; OECD 309","","","","","","","","","","","","","","","","","","","","","","","","","","","","","","","","","",""
"Environmental Fate & Transport","Degradability in water, soil, sediment","Memo for OECD 303 A-B; OECD 307; OECD 308; OECD 309","","","","","","","","","","","","","","","","","","","","","","","","","","","","","","","","","",""
"Environmental Fate & Transport","Degradability in water, soil, sediment","Key Phrases","8","4","6","8","2","8","2","6","8","2","","4","2","2","4","2","8","2","8","","2","2","2","4","2","4","8","2","4","2","2","2","2","6"
"Environmental Fate & Transport","Degradability in water, soil, sediment","Memo for Key Phrases","","","","","","","","","EPI Suite","","","","EPI Suite","","","","","EPI Suite","","","EPI Suite","","","EPI Suite","","EPI Suite","","","","","","EPI Suite","SDS",""
"Environmental Fate & Transport","Bioconcentration/ Bioaccumulation","Log Kow / Pow","0.88","-0.87","0.92","0.43","3.162","-0.96","-0.47","-0.64","0.21","-0.42","","0.32","0.28","1.62","0.38","-1.52","1.03","1.72","","-0.12","-0.53","-0.69","-0.47","0.34","-0.067","1.37","0.80","","","-0.46","0.28","1.06","7.71",""
"Environmental Fate & Transport","Bioconcentration/ Bioaccumulation","Memo for Log Kow / Pow","","","","","","","","OPERA","EPI Suite","EPI Suite","","","OPERA","","","","","","","","","","EPI Suite","EPI Suite","HSPiP","EPI Suite","","","","SDS","HSPiP","HSPiP","",""
"Environmental Fate & Transport","Bioconcentration/ Bioaccumulation","BAF/BCF (l/kg)","3.162","3.162","3.162","3.162","-0.67","3.162","3.162","0.27","1.04","3.162","","1.06","0.5","0.734","1.05","","0.347","6.378","0.90","0.26","","3.162","0.9","1.017","3.162","2.249","2.71","0.90","0.93","3.20","1.042","1.991","549",""
"Environmental Fate & Transport","Bioconcentration/ Bioaccumulation","Memo for BAF/BCF (l/kg)","","","","","","","","","EPI Suite","EPI Suite","","","OPERA","","","","","","","","","","EPI Suite","EPI Suite","","EPI Suite","","","","EPI Suite","EPI Suite","EPI suite","",""
"Environmental Fate & Transport","Bioconcentration/ Bioaccumulation","Key Phrases","","","","","","","2","4","2","2","","2","2","2","","2","2","","2","","2","2","2","2","2","2","2","2","2","2","","2","8","6"
"Environmental Fate & Transport","Bioconcentration/ Bioaccumulation","Memo for Key Phrases","","","","","","","","","","","","","EPI Suite","","","","","","","","","","","","","","","","","","","","",""
"Atmospheric Hazard","Greenhouse Gas","GWP Relative to CO2","0","0","0","0","0","0","0","0","0","0","","0.00","0","0","","0","0","0","0.00","0","0","0","0","0","0","","0.00","0.00","0.00","0","0","0","",""
"Atmospheric Hazard","Greenhouse Gas","Memo for GWP Relative to CO2","","","","","","","","","","","","","","","","","","","","","","","","","","","","","","","","","",""
"Atmospheric Hazard","Greenhouse Gas","Y/N","2","2","2","2","2","2","2","2","2","2","2","2","2","2","2","2","2","2","2","2","2","2","2","2","2","2","2","2","2","2","2","2","2","2"
"Atmospheric Hazard","Greenhouse Gas","Memo for Y/N","","","","","","","","","","","","","","","","","","","","","","","","","","","","","","","","","",""
"Atmospheric Hazard","Ozone Depletor","ODP Units","0","0","0","0","0","0","0","0","0","0","","0.00","0","0","","0","0","0","0.00","0","0","0","0","0","0","","0.00","0.00","0.00","0","0","0","",""
"Atmospheric Hazard","Ozone Depletor","Memo for ODP Units","","","","","","","","","","","","","","","","","","","","","","","","","","","","","","","","","",""
"Atmospheric Hazard","Ozone Depletor","GHS H Phrase","2","2","2","2","2","2","2","2","","2","","","2","2","","2","2","2","","2","2","2","2","","2","","","","","","2","2","",""
"Atmospheric Hazard","Ozone Depletor","Memo for GHS H Phrase","","","","","","","","","","","","","","","","","","","","","","","","","","","","","","","","","",""
"Atmospheric Hazard","Ozone Depletor","Ozone Classification","2","2","2","2","2","2","2","2","2","2","2","2","2","2","2","2","2","2","2","2","2","2","2","2","2","2","2","2","2","2","2","2","2","2"
"Atmospheric Hazard","Ozone Depletor","Memo for Ozone Classification","","","","","","","","","","","","","","","","","","","","","","","","","","","","","","","","","",""
"Atmospheric Hazard","Ozone Depletor","Y/N","","","","","","","","","","","","","","","","","","","","","","","","","","","","","","","","","",""
"Atmospheric Hazard","Ozone Depletor","Memo for Y/N","","","","","","","","","","","","","","","","","","","","","","","","","","","","","","","","","",""
"Atmospheric Hazard","Acid Rain Formation","Key Phrases","8","8","8","8","2","8","2","2","8","8","","2","2","2","","2","2","8","2","8","8","2","8","8","8","8","2","2","2","8","2","2","8","8"
"Atmospheric Hazard","Acid Rain Formation","Memo for Key Phrases","","","","","","","","","SDS Hazardous decomposition - NOx","SDS NOx","","","","","","","","SDS SOx","","SDS NOx","SDS NOx","","SDS NOx","SDS NOx","SDS NOx","SDS NOx","","","","SDS NOx","","","SDS NOx","SDS SOx"
"Atmospheric Hazard","Acid Rain Formation","Y/N","10","10","10","","2","","2","2","","","2","2","2","2","2","2","2","","","","","2","","","","","2","2","2","","2","2","",""
"Atmospheric Hazard","Acid Rain Formation","Memo for Y/N","","","","","","","","","","","","","","","","","","","","","","","","","","","","","","","","","",""
"Atmospheric Hazard","NESHAP","Key Phrases","","","","","","","2","2","2","2","","2","","2","","2","2","2","2","2","2","2","2","2","2","2","2","2","2","2","","","2","2"
"Atmospheric Hazard","NESHAP","Memo for Key Phrases","","","","","","","","","","","","","","","","","","","","","","","","","","","","","","","","","",""
"Atmospheric Hazard","NESHAP","Y/N","","","","","","","2","2","2","2","2","2","","2","2","2","2","2","2","2","2","2","2","2","2","","2","2","2","2","","","2","2"
"Atmospheric Hazard","NESHAP","Memo for Y/N","","","","","","","","","","","","","","","","","","","","","","","","","","","","","","","","","",""
"Physical Properties","Vapor Pressure","mm Hg at temp range 20-25C","0.03","0.02","0.04","0.04","5","0.02","","19","8.06","2.2","185.00","0.02","43","","12.00","0.21","0.07","0","0.41","0.03","0","0.89","0.5","0.738","0.4","0.01","0.393","1.50","0.00","0.30","0.15","0.0022","0",""
"Physical Properties","Vapor Pressure","Memo for mm Hg at temp range 20-25C","HSPiP","","","HSPiP","HSPiP","HSPiP","","","","HSPiP","","","","","","Vapor pressure : 0.28 hPa (77 °F / 25 °C)","HSPiP","","","","","","HSPiP","EPI Suite","HSPiP","EPI Suite","","","","","HSPiP","HSPiP","SDS",""
"Physical Properties","Flammability: Liquid","NFPA/HMIS 0,1,2,3,4","","4","4","4","6","4","4","8","6","6","8","4","8","6","8","4","4","4","6","4","2","6","4","4","6","2","4","4","4","6","4","4","4","2"
"Physical Properties","Flammability: Liquid","Memo for NFPA/HMIS 0,1,2,3,4","","","","","","","","","","","","","","SDS","","","SDS","","","","","","SDS","","","","","","","","","","",""
"Physical Properties","Flammability: Liquid","GHS H Phrase","","","","","","","","6","6","4","","","8","","6","","","","4","","","4","4","4","6","","","","4","4","4","","","4"
"Physical Properties","Flammability: Liquid","Memo for GHS H Phrase","","","","","","","","SDS","SDS","","","","","","","","","","","","","","","SDS","","","","","","SDS","","","",""
"Physical Properties","Flammability: Liquid","GHS Category level","","","","","","","","6","6","4","8","","8","","6","4","","","","","","4","4","4","6","","","","","4","4","","",""
"Physical Properties","Flammability: Liquid","Memo for GHS Category level","","","","","","","","SDS","SDS","","","","","","","","","","","","","","","SDS","","","","","","SDS","","","",""
"Physical Properties","Flammability: Liquid","Flash Point deg C","97","122","106.4","91","52","112","84","34","50.00","66","","109.00","16","55","30.00","108","82","121","87.00","110","162","77","110","","60","","116.00","","96.00","91.00","114.5","131","148",""
"Physical Properties","Flammability: Liquid","Memo for Flash Point deg C","","","","","HSPiP","","SDS","SDS","SDS","SDS","","","","","","","HSPiP","","","","","","","","","","open cup","","","SDS","","","SDS",""
"Physical Properties","Flammability: Liquid","Key Phrases Liquid","","","","","","","4","6","6","4","8","4","6","6","6","4","","","4","","","4","4","4","4","2","","","4","4","4","","","4"
"Physical Properties","Flammability: Liquid","Memo for Key Phrases Liquid","","","","","","","","SDS","SDS","","","","","","","","","","","","","","","SDS","","","","","","SDS","","","","SDS Storage class Combustible"
"Physical Properties","Flammability: Gas","GHS H Phrase","","","","","","","","","","","","","","","","","","","","","2","","","","","","","","","","","","",""
"Physical Properties","Flammability: Gas","Memo for GHS H Phrase","","","","","","","","","","","","","","","","","","","","","","","","","","","","","","","","","",""
"Physical Properties","Flammability: Gas","GHS Category Level","","","","","","","","","","","","","","","","","","","","","","","","","","","","","","","","","",""
"Physical Properties","Flammability: Gas","Memo for GHS Category Level","","","","","","","","","","","","","","","","","","","","","","","","","","","","","","","","","",""
"Physical Properties","Flammability: Gas","Key Phrases Gas","","","","","","","","","","","","","","","","","","","","","","","","","","","","","","","","","",""
"Physical Properties","Flammability: Gas","Memo for Key Phrases Gas","","","","","","","","","","","","","","","","","","","","","","","","","","","","","","","","","",""
"Physical Properties","Reactivity","NFPA/HMIS 0,1,2,3,4","2","2","2","2","2","2","2","2","2","2","2","2","2","2","2","2","2","4","4","2","2","2","2","2","2","2","2","2","2","4","2","2","4","2"
"Physical Properties","Reactivity","Memo for NFPA/HMIS 0,1,2,3,4","","","","","","","","","","","","","","","","","SDS","","","","","","","","","","","","","","","","SDS Forms explosive mixtures with air on intense heating",""
"Physical Properties","Reactivity","GHS H Phrase","","","","","","","2","","","2","","","","2","","2","","","","","2","2","2","","","","","","","","","2","",""
"Physical Properties","Reactivity","Memo for GHS H Phrase","","","","","","","","","","","","","","","","","","","","","","","","","","","","","","","","","",""
"Physical Properties","Reactivity","Type","","","","","","","","","","","","","","","","","","","","","","","","","","","","","","","","","",""
"Physical Properties","Reactivity","Memo for Type","","","","","","","","","","","","","","","","","","","","","","","","","","","","","","","","","",""
"Physical Properties","Reactivity","GHS Category Level","","","","","","","2","","","2","","","","2","","2","","","","","2","2","","","","","","","","","","2","",""
"Physical Properties","Reactivity","Memo for GHS Category Level","","","","","","","","","","","","","","","","","","","","","","","","","","","","","","","","","",""
"Physical Properties","Reactivity","Key Phrases","","","","","","","","","","","","","","","","","","","","","","","","","","","","","","","","","",""
"Physical Properties","Reactivity","Memo for Key Phrases","","","","","","","","","","","","","","","","","","","","","","","","","","","","","","","","","",""
"Physical Properties","pH","pH Units","2","2","2","2","2","2","","","","2","2","","2","2","","","2","2","","","2","2","2","","","","","8","","6","2","","8","8"
"Physical Properties","pH","Memo for pH Units","","","","","","","","","","SDS pH 6.8","pH 7","","","","","","","","","","","","","","","","","SDS pH 4.5","","SDS pH 8.5","","","SDS pH 11.4","Pubchem pH 10.5"
"Physical Properties","pH","Key Phrases","2","2","2","2","2","2","2","2","2","2","2","2","2","2","2","2","2","2","2","2","2","2","2","2","2","2","2","4","2","","2","2","8","6"
"Physical Properties","pH","Memo for Key Phrases","","","","","","","","","","","","","","","","","","","","","","","","","","","","","","","","","",""
"Physical Properties","Corrosivity to Materials","Key Phrases","2","2","2","2","2","2","2","2","","2","","","2","2","","2","2","2","4","2","2","2","2","","2","","4","","","","2","2","",""
"Physical Properties","Corrosivity to Materials","Memo for Key Phrases","","","","","","","","","","","","","","","","","","","","","","","","","","","","","","","","","",""
"Physical Properties","Corrosivity to Materials","GHS Category Level","2","2","2","2","2","2","2","2","","2","","","2","2","","2","2","2","","2","2","2","2","","2","","","","","","2","2","",""
"Physical Properties","Corrosivity to Materials","Memo for GHS Category Level","","","","","","","","","","","","","","","","","","","","","","","","","","","","","","","","","",""
"Physical Properties","Corrosivity to Materials","GHS H Phrase","","","","","","","","","","","","","","","","","","","","","","","","","","","","","","","","","",""
"Physical Properties","Corrosivity to Materials","Memo for GHS H Phrase","","","","","","","","","","","","","","","","","","","","","","","","","","","","","","","","","",""
"Physical Properties","Odor","Key Phrases","6","","","","","","2","4","","4","2","6","6","2","6","2","2","2","8","8","2","4","2","","4","","6","","6","8","6","2","8",""
"Physical Properties","Odor","Memo for Key Phrases","","","","","","","","","","","","","","SDS","","","","","","SDS aromatic","","","SDS","","","","","","","SDS amine-like","","","SDS amine-like",""
"Physical Properties","Volatile Organic Compound","g/l","","","","","","","","","","","40.00","","","","","0","","","","","","","","","","","","","","1028.00","","","",""
"Physical Properties","Volatile Organic Compound","Memo for g/l","","","","","","","","","","","","","","","","","","","","","","","","","","","","","","","","","",""
"Physical Properties","Volatile Organic Compound","Key Phrases","","","","","","","","","","","","","","","","","","","","","","","","","","","","","","","","","",""
"Physical Properties","Volatile Organic Compound","Memo for Key Phrases","","","","","","","","","","","","","","","","","","","","","","","","","","","","","","","","","",""
"Work Environment Process Specific Factors","Heat of work space","WBGT, deg C","","","","","","","","","","","","","","","","","","","","","","","","","","","","","","","","","",""
"Work Environment Process Specific Factors","Heat of work space","Memo for WBGT, deg C","","","","","","","","","","","","","","","","","","","","","","","","","","","","","","","","","",""
"Work Environment Process Specific Factors","Heat of work space","Hot work condition","","","","","","","","","","","","","","","","","","","","","","","","","","","","","","","","","",""
"Work Environment Process Specific Factors","Heat of work space","Memo for Hot work condition","","","","","","","","","","","","","","","","","","","","","","","","","","","","","","","","","",""
"Work Environment Process Specific Factors","Heat of work space","Key Phrases","","","","","","","","","","","","","","","","","","","","","","","","","","","","","","","","","",""
"Work Environment Process Specific Factors","Heat of work space","Memo for Key Phrases","","","","","","","","","","","","","","","","","","","","","","","","","","","","","","","","","",""
"Work Environment Process Specific Factors","Cold for work place","Cold work conditions deg C","","","","","","","","","","","","","","","","","","","","","","","","","","","","","","","","","",""
"Work Environment Process Specific Factors","Cold for work place","Memo for Cold work conditions deg C","","","","","","","","","","","","","","","","","","","","","","","","","","","","","","","","","",""
"Work Environment Process Specific Factors","Cold for work place","Key Phrases","","","","","","","","","","","","","","","","","","","","","","","","","","","","","","","","","",""
"Work Environment Process Specific Factors","Cold for work place","Memo for Key Phrases","","","","","","","","","","","","","","","","","","","","","","","","","","","","","","","","","",""
"Work Environment Process Specific Factors","Noise Generation","dBA/hr","","","","","","","","","","","","","","","","","","","","","","","","","","","","","","","","","",""
"Work Environment Process Specific Factors","Noise Generation","Memo for dBA/hr","","","","","","","","","","","","","","","","","","","","","","","","","","","","","","","","","",""
"Work Environment Process Specific Factors","Noise Generation","Key Phrases","","","","","","","","","","","","","","","","","","","","","","","","","","","","","","","","","",""
"Work Environment Process Specific Factors","Noise Generation","Memo for Key Phrases","","","","","","","","","","","","","","","","","","","","","","","","","","","","","","","","","",""
"Work Environment Process Specific Factors","Vibration","Class 1 Small Machine (mm/s)","","","","","","","","","","","","","","","","","","","","","","","","","","","","","","","","","",""
"Work Environment Process Specific Factors","Vibration","Memo for Class 1 Small Machine (mm/s)","","","","","","","","","","","","","","","","","","","","","","","","","","","","","","","","","",""
"Work Environment Process Specific Factors","Vibration","Class 2 Medium Machine (mm/s)","","","","","","","","","","","","","","","","","","","","","","","","","","","","","","","","","",""
"Work Environment Process Specific Factors","Vibration","Memo for Class 2 Medium Machine (mm/s)","","","","","","","","","","","","","","","","","","","","","","","","","","","","","","","","","",""
"Work Environment Process Specific Factors","Vibration","Class 3 Large Rigid Foundation (mm/s)","","","","","","","","","","","","","","","","","","","","","","","","","","","","","","","","","",""
"Work Environment Process Specific Factors","Vibration","Memo for Class 3 Large Rigid Foundation (mm/s)","","","","","","","","","","","","","","","","","","","","","","","","","","","","","","","","","",""
"Work Environment Process Specific Factors","Vibration","Class 4 Large Soft Foundation (mm/s)","","","","","","","","","","","","","","","","","","","","","","","","","","","","","","","","","",""
"Work Environment Process Specific Factors","Vibration","Memo for Class 4 Large Soft Foundation (mm/s)","","","","","","","","","","","","","","","","","","","","","","","","","","","","","","","","","",""
"Work Environment Process Specific Factors","Vibration","Key Phrases for rotating equipment","","","","","","","","","","","","","","","","","","","","","","","","","","","","","","","","","",""
"Work Environment Process Specific Factors","Vibration","Memo for Key Phrases for rotating equipment","","","","","","","","","","","","","","","","","","","","","","","","","","","","","","","","","",""
"Work Environment Process Specific Factors","Vibration","Hand held devices Vibration Magnitude (m/s²)","","","","","","","","","","","","","","","","","","","","","","","","","","","","","","","","","",""
"Work Environment Process Specific Factors","Vibration","Memo for Hand held devices Vibration Magnitude (m/s²)","","","","","","","","","","","","","","","","","","","","","","","","","","","","","","","","","",""
"Work Environment Process Specific Factors","Vibration","Key Phrases for handheld equipment","","","","","","","","","","","","","","","","","","","","","","","","","","","","","","","","","",""
"Work Environment Process Specific Factors","Vibration","Memo for Key Phrases for handheld equipment","","","","","","","","","","","","","","","","","","","","","","","","","","","","","","","","","",""
"Work Environment Process Specific Factors","Ergonomic Hazard","Occurence","","","","","","","2","","6","4","6","4","4","","","2","","","4","","","","","4","","6","4","4","4","6","","","","8"
"Work Environment Process Specific Factors","Ergonomic Hazard","Memo for Occurence","","","","","","","","","","","","","","","","","","","","","","","","","","","","","","","","","",""
"Work Environment Process Specific Factors","Ergonomic Hazard","Hazard Level","","","","","","","2","","6","2","4","4","4","","","2","","","6","","","","","4","","6","4","4","4","6","","","","8"
"Work Environment Process Specific Factors","Ergonomic Hazard","Memo for Hazard Level","","","","","","","","","","","","","","","","","","","","","","","","","","","","","","","","","",""
"Work Environment Process Specific Factors","Psychosocial Hazard","Work Overload and Pace: Work Load ","","","","","","","2","6","","2","","","","2","","2","2","","10","","","","","","","","","","","","","","",""
"Work Environment Process Specific Factors","Psychosocial Hazard","Memo for Work Overload and Pace: Work Load ","","","","","","","","","","","","","","","","","","","","","","","","","","","","","","","","","",""
"Work Environment Process Specific Factors","Psychosocial Hazard","Work Overload and Pace: Machine Pacing","","","","","","","2","2","","2","","","","","","","2","","","","","","","","","","","","","","","","",""
"Work Environment Process Specific Factors","Psychosocial Hazard","Memo for Work Overload and Pace: Machine Pacing","","","","","","","","","","","","","","","","","","","","","","","","","","","","","","","","","",""
"Work Environment Process Specific Factors","Psychosocial Hazard","Work Overload and Pace: Time Constraints","","","","","","","2","2","","2","","","","","","","","","8","","","","","","","","","","","","","","",""
"Work Environment Process Specific Factors","Psychosocial Hazard","Memo for Work Overload and Pace: Time Constraints","","","","","","","","","","","","","","","","","","","","","","","","","","","","","","","","","",""
"Work Environment Process Specific Factors","Psychosocial Hazard","Work Schedule: Shift Work","","","","","","","2","2","","2","","","","","","","","","8","","","","","","","","","","","","","","",""
"Work Environment Process Specific Factors","Psychosocial Hazard","Memo for Work Schedule: Shift Work","","","","","","","","","","","","","","","","","","","","","","","","","","","","","","","","","",""
"Work Environment Process Specific Factors","Psychosocial Hazard","Work Schedule: Work Isolation","","","","","","","2","","6","","","2","","","","6","","","","","","","","6","","6","6","2","2","6","","6","6","8"
"Work Environment Process Specific Factors","Psychosocial Hazard","Memo for Work Schedule: Work Isolation","","","","","","","","","","","","","","","","","","","","","","","","","","","","","","SDS Obtain special instructions before use","","","SDS Store locked up",""
"Work Environment Process Specific Factors","Psychosocial Hazard","Control","","","","","","","2","","6","","","4","","","","2","","","2","","","","","6","","4","6","4","4","6","","6","6","8"
"Work Environment Process Specific Factors","Psychosocial Hazard","Memo for Control","","","","","","","","","","","","","","","","","","","","","","","","","","","","","","","","","",""
"Work Environment Process Specific Factors","Psychosocial Hazard","Work Environment & Equipment: Equipment Stability","","","","","","","","","","","","","","","","2","","","","","","","","","","","","","","","","","",""
"Work Environment Process Specific Factors","Psychosocial Hazard","Memo for Work Environment & Equipment: Equipment Stability","","","","","","","","","","","","","","","","","","","","","","","","","","","","","","","","","",""
"Work Environment Process Specific Factors","Psychosocial Hazard","Work Environment & Equipment: Work Space","","","","","","","","","","","","","","","","2","","","","","","","","","","","","","","","","","",""
"Work Environment Process Specific Factors","Psychosocial Hazard","Memo for Work Environment & Equipment: Work Space","","","","","","","","","","","","","","","","","","","","","","","","","","","","","","","","","",""
"Work Environment Process Specific Factors","High/Low Pressure System","Pressure (Delta % Change From Ambient)","","","","","","","","","0","","0.00","0.00","","","0.00","","","","","","","","","","","","0.00","0.00","0.00","0.00","","","",""
"Work Environment Process Specific Factors","High/Low Pressure System","Memo for Pressure (Delta % Change From Ambient)","","","","","","","","","","","","","","","","","","","","","","","","","","","","","","","","","",""
"Work Environment Process Specific Factors","High/Low Pressure System","GHS Phrase","","","","","","","","","","","","","","","","","","","","","","","","","","","","","","","","","",""
"Work Environment Process Specific Factors","High/Low Pressure System","Memo for GHS Phrase","","","","","","","","","","","","","","","","","","","","","","","","","","","","","","","","","",""
"Work Environment Process Specific Factors","High/Low Pressure System","Key Phrases","","","","","","","","","","","","","","","","","","","","","","","","","","","","","","","","","",""
"Work Environment Process Specific Factors","High/Low Pressure System","Memo for Key Phrases","","","","","","","","","","","","","","","","","","","","","","","","","","","","","","","","","",""
"Work Environment Process Specific Factors","High/Low Temperature - System","Temperature (Delta % Change From Ambient)","","","","","","","","","","","0.00","5.00","","","5.00","","","","","","","","","","","","0.00","5.00","0.00","","","","",""
"Work Environment Process Specific Factors","High/Low Temperature - System","Memo for Temperature (Delta % Change From Ambient)","","","","","","","","","","","","","","","","","","","","","","","","","","","","","","","","","",""
"Work Environment Process Specific Factors","High/Low Temperature - System","GHS Phrase","","","","","","","","","","","","","","","","","","","","","","","","","","","","","","","","","",""
"Work Environment Process Specific Factors","High/Low Temperature - System","Memo for GHS Phrase","","","","","","","","","","","","","","","","","","","","","","","","","","","","","","","","","",""
"Work Environment Process Specific Factors","High/Low Temperature - System","Key Phrases - hot","","","","","","","","","","","","","","","","","","","","","","","","","","","","","","","","","",""
"Work Environment Process Specific Factors","High/Low Temperature - System","Memo for Key Phrases - hot","","","","","","","","","","","","","","","","","","","","","","","","","","","","","","","","","",""
"Work Environment Process Specific Factors","High/Low Temperature - System","Key Phrases - cold","","","","","","","","","","","","","","","","","","","","","","","","","","","","","","","","","",""
"Work Environment Process Specific Factors","High/Low Temperature - System","Memo for Key Phrases - cold","","","","","","","","","","","","","","","","","","","","","","","","","","","","","","","","","",""
"Work Environment Process Specific Factors","Water Use","% Water Change","","","","","","","","","","","","","","","","","","","8","","","","","","","","","","","","","","",""
"Work Environment Process Specific Factors","Water Use","Memo for % Water Change","","","","","","","","","","","","","","","","","","","","","","","","","","","","","","","","","",""
"Work Environment Process Specific Factors","Water Use","Reuse","","","","","","","","","","","","","","","","","","","","","","","","","","","","","","","","","",""
"Work Environment Process Specific Factors","Water Use","Memo for Reuse","","","","","","","","","","","","","","","","","","","","","","","","","","","","","","","","","",""
"Work Environment Process Specific Factors","Water Use","Key Phrases - water","","","","","","","","","","","","","","","","","","","","","","","","","","","","","","","","","",""
"Work Environment Process Specific Factors","Water Use","Memo for Key Phrases - water","","","","","","","","","","","","","","","","","","","","","","","","","","","","","","","","","",""
"Work Environment Process Specific Factors","Energy Use","% Energy Change","","","","","","","","","","","","","","","","","","","8","","","","","","","","","","","","","","",""
"Work Environment Process Specific Factors","Energy Use","Memo for % Energy Change","","","","","","","","","","","","","","","","","","","","","","","","","","","","","","","","","",""
"Work Environment Process Specific Factors","Energy Use","Key Phrases - Energy","","","","","","","","","","","","","","","","","","","","","","","","","","","","","","","","","",""
"Work Environment Process Specific Factors","Energy Use","Memo for Key Phrases - Energy","","","","","","","","","","","","","","","","","","","","","","","","","","","","","","","","","",""
"Work Environment Process Specific Factors","Exposure Potential","Occurrence: Near Certain","6","2","6","10","2","6","2","6","","6","","","6","","","2","6","2","","6","2","2","2","","2","","","","","","2","2","",""
"Work Environment Process Specific Factors","Exposure Potential","Memo for Occurrence: Near Certain","","","","","","","","","","","","","","","","","","","","","","","","","","","","","","","","","",""
"Work Environment Process Specific Factors","Exposure Potential","Occurrence: Highly Likely","6","2","6","10","2","4","2","4","","4","","","4","","","2","6","4","","4","2","2","2","","2","","","","","","2","","","10"
"Work Environment Process Specific Factors","Exposure Potential","Memo for Occurrence: Highly Likely","","","","","","","","","","","","","","","","","","","","","","","","","","","","","","","","","",""
"Work Environment Process Specific Factors","Exposure Potential","Occurrence: Likely","6","2","6","10","2","4","2","2","4","2","4","4","4","","4","2","6","4","4","4","2","2","2","6","2","4","6","4","4","6","2","","6",""
"Work Environment Process Specific Factors","Exposure Potential","Memo for Occurrence: Likely","","","","","","","","","","","","","","","","","","","","","","","","","","","","","","","","","",""
"Work Environment Process Specific Factors","Exposure Potential","Occurrence: Unlikely","6","2","6","8","2","6","2","2","","2","","","2","","","2","6","6","","2","2","2","2","","2","","","","","","2","","",""
"Work Environment Process Specific Factors","Exposure Potential","Memo for Occurrence: Unlikely","","","","","","","","","","","","","","","","","","","","","","","","","","","","","","","","","",""
"Work Environment Process Specific Factors","Exposure Potential","Occurrence: Remote","4","2","4","6","2","4","2","4","","2","","","2","","","2","4","2","","","2","2","2","","2","","","","","","2","2","",""
"Work Environment Process Specific Factors","Exposure Potential","Memo for Occurrence: Remote","","","","","","","","","","","","","","","","","","","","","","","","","","","","","","","","","",""
"Life Cycle Factors","Renewable to Nonrenewable Resource ","% Renewable Materials","","","","0","100","0","","","","","","","","","","100","0","0","","0","100","100","0","","100","","","","","","","","",""
"Life Cycle Factors","Renewable to Nonrenewable Resource ","Memo for % Renewable Materials","","","","","","","","","","","","","","","","","","","","","","","","","","","","","","","","","",""
"Life Cycle Factors","Renewable to Nonrenewable Resource ","Key Words","10","10","10","10","2","10","2","10","","10","","","2","2","","2","10","10","","10","2","2","10","","2","","","","","","2","2","",""
"Life Cycle Factors","Renewable to Nonrenewable Resource ","Memo for Key Words","","","","","","","","","","","","","","","","","","","","","","","","","","","","","","","","","",""
"Life Cycle Factors","Upstream Processing and Manufacturing","Key Phrases hazardous materials","8","4","8","8","4","6","2","4","8","6","6","4","4","4","4","2","6","6","8","6","6","6","6","6","6","6","6","4","4","6","4","6","8","10"
"Life Cycle Factors","Upstream Processing and Manufacturing","Memo for Key Phrases hazardous materials","","","","","","","","","","","","","","","","","","","","","","","","","","","","","","","","","",""
"Life Cycle Factors","Upstream Processing and Manufacturing","Key Phrases enegy and resources","","","","","","","","","","","","","","","","","","","","","","","","","","","","","","","","","",""
"Life Cycle Factors","Upstream Processing and Manufacturing","Memo for Key Phrases enegy and resources","","","","","","","","","","","","","","","","","","","","","","","","","","","","","","","","","",""
"Life Cycle Factors","Distribution","Transportation","","","","","","","","","","","","","","","","","","","","","","","","","","","","","","","","","",""
"Life Cycle Factors","Distribution","Memo for Transportation","","","","","","","","","","","","","","","","","","","","","","","","","","","","","","","","","",""
"Life Cycle Factors","Usage and Retail","Key Phrases","6","","","","","6","2","4","6","4","2","4","4","4","6","2","6","6","6","6","2","2","2","6","6","6","6","4","2","10","2","6","6","10"
"Life Cycle Factors","Usage and Retail","Memo for Key Phrases","","","","","","","","","","","","","","","","","","","","","","","","","","","","","","","","","",""
"Life Cycle Factors","End of life","Key Phrases","","","","","","","2","4","6","","6","4","","","4","2","","4","4","4","4","2","4","6","6","4","4","4","4","6","","6","6","8"
"Life Cycle Factors","End of life","Memo for Key Phrases","","","","","","","","","","","","","","","","","","","","","","","","","","","","","","","","","SDS Avoid release to the environment",""
"Life Cycle Factors","Recycling","% Recyclable in process","0","","0","0","0","100","0","0","","0","","","0","0","","0","0","0","","0","0","0","0","","100","","","","","50.00","100","0","",""
"Life Cycle Factors","Recycling","Memo for % Recyclable in process","","","","","","","","","","","","","","","","","","","","","","","","","","","","","","","","","",""
"Life Cycle Factors","Recycling","Key Words","","","","","","","","","","","","","","","","","","","","","","","","","","","","","","","","","",""
"Life Cycle Factors","Recycling","Memo for Key Words","","","","","","","","","","","","","","","","","","","","","","","","","","","","","","","","","",""
"Environmental Certification"," "," ","-1","-1","-1","-1","-1","-1","false","false","false","false","false","false","false","false","false","false","false","false","false","false","false","false","false","false","false","false","false","false","false","false","-1","false","false","false"